Root,TotalCount,Variations,Examples
画譜,2118,389,"北斎画譜(57), 文鳳画譜(49), 倭人物画譜(45), 名家画譜(39), 名数画譜(39), 宋紫石画譜(36), 楳嶺花鳥画譜(35), 楠亭画譜(34), 花鳥画譜(33), 一蝶画譜(32), 寒葉斎画譜(30), 山水画譜(30), 十竹斎書画譜(28), 花壇叢木画譜(27), 光琳画譜(26), 蘭斎画譜(26), 浮世画譜(25), 九老画譜(25), 万物雛形画譜(24), 辺氏画譜(23), 素絢画譜(22), 水石画譜(22), 公長画譜(22), 草筆画譜(21), 融斎画譜(21), 扶桑画譜(20), 八種画譜(20), 北樹画譜(20), 一老画譜(19), 琦鳳画譜(19), 福善斎画譜(19), 古秀画譜(18), 素絢山水画譜(18), 道中画譜(17), 一筆画譜(16), 楳嶺百鳥画譜(16), 竹堂画譜(16), 円翁画譜(16), 文川画譜(16), 鶯邨画譜(16), 北斎道中画譜(16), 北斎写真画譜(15), 名人蘭竹画譜(15), 英一蝶画譜(15), 応挙画譜(14), 金波園画譜(14), 人物画譜(14), 画譜(14), 文鳳山水画譜(13), 閑林画譜(13), 玄対先生画譜(13), 柳川画譜(12), 敬輔画譜(12), 石燕画譜(11), 楚南画譜(11), 卍翁艸筆画譜(11), 伝神開手一筆画譜(11), 都名所画譜(10), 早席画譜(10), 省亭花鳥画譜(10), 十竹斎画譜(10), 半山画譜(10), 崋山画譜(9), 竹田画譜(9), 后素画譜(9), 狂斎画譜(9), 鮮斎永濯画譜(9), 海僊画譜(9), 増補考古画譜(9), 通神画譜(8), 対山画譜(8), 翠釜亭戯画譜(8), 欽慕画譜(8), 大雅堂画譜(8), 歴代名公画譜(8), 俳諧画譜(8), 官材画譜(8), 占風園四時勝概画譜(8), 考古画譜(8), 百人一詩画譜(7), 三体画譜(7), 文晁画譜(7), 新刻金氏画譜(7), 竹洞四君子画譜(7), 景年花鳥画譜(7), 完瑛画譜(7), 唐詩画譜(7), 北明画譜(7), 狂詩画譜(7), 蘭竹画譜(7), 華山翁蘭竹画譜(6), 広重画譜(6), 梅嶺百鳥画譜(6), 鴬邨画譜(6), 潜竜堂画譜(6), 東谿画譜(6), 適山画譜(6), 椿山画譜(6), 聚鳥画譜(6), 銅脈先生狂詩画譜(6), 五逸画譜(6), 英勇画譜(6), 佩文斎書画譜(6), 珍画譜(6), 頓智早席画譜(5), 名家百扇画譜(5), 華鳥画譜(5), 芳文画譜(5), 九峰堂画譜(5), 名筆画譜(5), 文嶺画譜(5), 芥子園画譜(5), 諸職人物画譜(5), 文晁山水画譜(5), 玉山画譜(5), 三拾六歌仙貝合画譜(5), 一白圃艸木画譜(5), 暁斎画譜(4), 其玉画譜(4), 鯉鱗画譜(4), 慶子画譜(4), 東渓画譜(4), 雲樵画譜(4), 楳嶺画譜(4), 美術品画譜(4), 諸国名所画譜(4), 鳴門画譜(4), 潜龍堂画譜(4), 諸職画譜(4), 月樵画譜(4), 両筆画譜(4), 美術画譜(4), 草木画譜(4), 貝石画譜(4), 南画人物画譜(4), 海陸道中画譜(4), 狂詩五七言画譜(4), 海仙画譜(4), 観物画譜(4), 甘斎画譜(3), 張州英画譜(3), 一勇画譜(3), 谷文晁画譜(3), 素真画譜(3), 春山画譜(3), 仿古画譜(3), 玄対画譜(3), 竹洞花鳥画譜(3), 北齋画譜(3), 英章百鳥画譜(3), 素絢人物画譜(3), 有山堂画譜(3), 水滸伝画譜(3), 耳鳥斎画譜(3), 雲峰画譜(3), 雪渓画譜(3), 抱一画譜(3), 祐信風俗画譜(3), 太閤記画譜(3), 百人一諧画譜(2), 書画譜(2), 諸大家花鳥画譜(2), 北斎人物画譜(2), 卍翁草筆画譜(2), 渓斎浮世画譜(2), 尾形流画譜(2), 若冲画譜(2), 近世四大家画譜(2), 奥村政信画譜(2), 平安名家文化画譜(2), 鳳画譜(2), 探幽画譜(2), 大雅堂山水樹石画譜(2), 琢華堂画譜(2), 尚古亭斎画譜(2), 蘭崖画譜(2), 手競画譜(2), 四君子画譜(2), 対柳居画譜(2), 蟲類画譜(2), 巾箱画譜(2), 新鐫七言唐詩画譜(2), 狂齋画譜(2), 能狂言人物画譜(2), 日本勝景画譜(2), 浮世三編立斎画譜(2), 華山画譜(2), 古画譜(2), 椿年画譜(2), 梅園百花画譜(2), 宋紫石四君子画譜(2), 浪花十二月画譜(2), 琴曲画譜(2), 神事画譜(2), 芳中画譜(2), 漢名筆画譜(2), 宣和画譜(2), 小山画譜(2), 大倉画四画譜(2), 狂歌鯉鱗画譜(2), 四季倭画譜(2), 金氏画譜(2), 五十三次北斎道中画譜(2), 菊池容斎翁画譜(2), 曲江山水画譜(2), 伊孚九池大雅山水画譜(2), 新撰折句画譜(2), 光信画譜(2), 春水画譜(2), 地口画譜(2), 英雄画譜(2), 唐詩七言画譜(2), 崋山先生俳諧画譜(2), 崋山翁蘭竹画譜(2), 万工雛形画譜(2), 本朝名家画譜(2), 筆法点画譜(2), 蕙斎画譜(2), 新製五七言狂詩画譜(2), 崋山翁俳画譜(1), 諸大家山水画譜(1), 張子祥画譜(1), 梅屋画譜(1), 天梅画譜(1), 明治画譜(1), 鶴堂画譜(1), 雪旦画譜(1), 梅峯百鳥画譜(1), 月次画譜(1), 草木花鳥画譜(1), 北寿画譜(1), 南亭画譜(1), 古今画譜(1), 袖珍必携諸職画譜(1), 応翠画譜(1), 菊池容斎画譜(1), 景文花鳥画譜(1), 唐土画譜(1), 袖珍画譜(1), 草虫花鳥画譜(1), 竹洞鳥虫画譜(1), 吾山画譜(1), 名家地口画譜(1), 墨香画譜(1), 扶桑書画譜(1), 名人梅菊画譜(1), 清人張写祥画譜(1), 白竜山人画譜(1), 巾箱八種画譜(1), 天楳画譜(1), 葡萄画譜(1), 萬物雛形画譜(1), 南画花鳥画譜(1), 邉氏画譜(1), 華山俳画譜(1), 亨齋画譜(1), 高尚堂画譜(1), 柴田義董画譜(1), 教育画譜(1), 圓翁画譜(1), 日本山海名勝画譜(1), 若沖画譜(1), 清方美人画譜(1), 楳嶺華鳥画譜(1), 墨僊画譜(1), 写生華鳥画譜(1), 雑筆画譜(1), 寒葉斉画譜(1), 草花画譜(1), 動物蟲魚画譜(1), 狩野家画譜(1), 名家花鳥画譜(1), 京都名所画譜(1), 椿山翁画譜(1), 唐詩五言画譜(1), 日根対山先生山水画譜(1), 春渓画譜(1), 名人画譜(1), 白龍山人画譜(1), 俳譜画譜(1), 絵口合画譜(1), 歷代名公画譜(1), 蠖斎社中画譜(1), 松年山水画譜(1), 日本真景画譜(1), 松渓都真景画譜(1), 中古諸名家画譜(1), 近世名家聚美画譜(1), 諸名家花鳥画譜(1), 応挙聚美画譜(1), 蘭斉画譜(1), 美術婦女礼儀画譜(1), 清人張子祥画譜(1), 模様紋帳画譜(1), 新刻万物画譜(1), 柴田是真先生画譜(1), 吟光画譜(1), 萬職工業画譜(1), 崋椿靄隆近世四大家画譜(1), 梅嶺花鳥画譜(1), 墨仙画譜(1), 東海画譜(1), 稚学画譜(1), 文林画譜(1), 北馬人物画譜(1), 松谷花鳥画譜(1), 百工美術画譜(1), 慶翠画譜(1), 獣類画譜(1), 風俵画譜(1), 英泉画譜(1), 能楽画譜(1), 故人俳諧画譜(1), 五果実画譜(1), 鳥羽名筆画譜(1), 雲山画譜(1), 会席画譜(1), 唐觧元倣古今画譜(1), 生花画譜(1), 菱川師宣画譜(1), 西川祐信画譜(1), 地本錦絵画譜(1), 百家美人画譜(1), 容斎歴史画譜(1), 北尾政美画譜(1), 遠西舶上画譜(1), 清香画譜(1), 和漢新図扶桑画譜(1), 伝神開手北斎道中画譜(1), 文哉画譜(1), 滝沢清画潜龍堂画譜(1), 探幽縮図聚珍画譜(1), 鵬斎画譜(1), 唐宋画譜(1), 桃源画譜(1), 顧氏歴代名人画譜(1), 雷峰画譜(1), 珠礫画譜(1), 融斉花鳥画譜(1), 真筆直山画譜(1), 竹筆画譜(1), 花鳥山水北樹画譜(1), 明清名家画譜(1), 文武將士英傑画譜(1), 献品画譜(1), 日本画譜(1), 三江斎画譜(1), 集雅斎画譜(1), 衆芳園草木画譜(1), 春波楼画譜(1), 盛衰記画譜(1), 扇面画譜(1), 専門家並門葉画譜(1), 全楽堂画譜(1), 中島雪居画譜(1), 池大雅伊孚九山水画譜(1), 風流狂歌画譜(1), 扶桑名公画譜(1), 武陽観場画譜(1), 抱一上人画譜(1), 蘭画譜(1), 林麓画譜(1), 桜花画譜(1), 細道画譜(1), 草木魚鼈之画譜(1), 化石奇異貝品画譜(1), 唐草模様画譜(1), 童観詩画譜(1), 天保画譜(1), 詩画譜(1), 鵬斎先生画譜(1), 詩余画譜(1), 儒家学系及各派画譜(1), 関文川画譜(1), 題林画譜(1), 邊氏画譜(1), 鳥類画譜(1), 花鳥草木画譜(1), 静斎画譜(1), 日本近時画譜(1), 石川豊信画譜(1), 伊孚九画譜(1), 池大雅画譜(1), 文材画譜(1), 尾形流四大家画譜(1), 字筆画譜(1), 鴻宝堂画譜(1), 唐六如画譜(1), 接木口傳花壇叢木画譜(1)"
家譜,1714,459,"寛政重修諸家譜(684), 黒田家譜(66), 家譜(38), 鎌倉将軍家譜(32), 京都将軍家譜(32), 越州山陰高氏家譜(31), 御家譜(30), 誹諧家譜(21), 将軍家譜(16), 黒田續家譜(13), 本庄家譜(12), 伊達世臣家譜(12), 酒井家譜(10), 伊達家世臣家譜(10), 亘理家譜(9), 京都將軍家譜(9), 俳諧家譜(9), 小笠原家譜(9), 鎌倉將軍家譜(8), 医業家譜(8), 黒田続家譜(7), 松平家譜(7), 諸家譜(7), 將軍家譜(7), 島津家譜(7), 佐竹家譜(6), 秦郵居氏家譜(5), 定興鹿氏續修家譜(5), 徳川家譜(5), 万世家譜(5), 立花家譜(5), 宗氏家譜(5), 稲葉家譜(5), 太田家譜(5), 蜂須賀家譜(4), 鎌倉大樹家譜(4), 算家譜(4), 紀伊国造家譜(4), 斯波家譜(4), 池田家譜(4), 山鹿家譜(4), 伊達御家譜(4), 岡部家譜(4), 大久保家譜(4), 織田家譜(4), 加藤家譜(4), 津軽家譜(3), 茶道家譜(3), 潘氏家譜(3), 細川家譜(3), 池大雅家譜(3), 内宮職掌家譜(3), 土岐家譜(3), 竹田家譜(3), 絶家譜(3), 戯場家譜(3), 豊臣秀吉家譜(3), 寛永諸家譜(3), 深江家譜(3), 大村家譜(3), 高野家譜(3), 茶人家譜(3), 金森家譜(3), 越前家譜(3), 小川之家譜(3), 久世家譜(3), 榊原家譜(3), 仙石家譜(3), 伊達家譜(3), 平井家譜(2), 伊丹家譜(2), 小瀬家譜(2), 加賀美家家譜(2), 岩室家譜(2), 観世家譜(2), 畠山家譜(2), 越智家譜(2), 麻姓家譜(2), 劇作家玉城朝薫家譜(2), 松井家譜(2), 吉川家譜(2), 第一世利政公家譜(2), 第二世政信公家譜(2), 池田政和家譜(2), 国公家譜(2), 伊木家譜(2), 黒田新続家譜(2), 今川家譜(2), 碁家譜(2), 新田徳川世良田家譜(2), 上杉家譜(2), 古今俳優家譜(2), 岡島仮名家譜(2), 薦野家譜(2), 金上氏家譜(2), 小原家譜(2), 大槻民治家譜(2), 佐藤浦之助家譜(2), 秀吉家譜(2), 萬姓家譜(2), 利家譜(2), 生駒家譜(2), 石川家譜(2), 青山家譜(2), 秋元家譜(2), 安藤家譜(2), 稲垣家譜(2), 岩城家譜(2), 柴氏家譜(2), 遠藤家譜(2), 大岡家譜(2), 大河内家譜(2), 大給家譜(2), 奥平家譜(2), 押小路家譜(2), 備陽池田家譜(2), 木下家譜(2), 田尻家譜(2), 日下部家譜(2), 藩翰八家譜(2), 千家歴代家譜(2), 桜井家譜(2), 真田家譜(2), 島津氏家譜(2), 世良田家譜(2), 團藏之家譜(2), 菅沼家譜(2), 千家家譜(2), 宇角家譜(2), 下郡山氏家譜(2), 富塚家譜(2), 公家譜(2), 高木家譜(2), 建部家譜(2), 長家譜(2), 玉城朝薫家譜(2), 河井家家譜(1), 津軽家家譜(1), 陸奥黒石津軽信英家譜(1), 八戸御家譜(1), 熊谷統家家譜(1), 瀋陽甘氏家譜(1), 劉氏家譜(1), 伝并家譜(1), 板倉家譜(1), 大給松平家譜(1), 三河国諸家譜(1), 大江磐代子御家譜(1), 鳥居小路家譜(1), 御内儀侍中家譜(1), 花山院家譜(1), 官医家譜(1), 吉田家譜(1), 荒木氏家譜(1), 富樫家譜(1), 市川家譜(1), 因幡鳥取池田忠継家譜(1), 天珪侯御家譜(1), 禅通侯御家譜(1), 校正御家譜(1), 東叡山貫首御家譜(1), 秋里家譜(1), 井伊家譜(1), 佐々木家譜(1), 四条流断家譜(1), 断絶家譜(1), 丹後宮津本庄宗正家譜附美濃高冨本庄道芳家譜(1), 本庄宗武家譜(1), 君家譜(1), 観氏家譜(1), 徳川幕府家譜(1), 前田家譜(1), 越智姓河野家譜(1), 大戯場家譜(1), 仁平三年御燈籠鋳造人名並松村家譜(1), 近衛殿御調御系譜並家木家譜(1), 越前家御長家譜(1), 福島家譜(1), 蒲生家譜(1), 新選家譜(1), 萬世家譜(1), 江戸浄瑠璃家譜(1), 土井家譜(1), 武衛氏家譜(1), 小林氏家譜(1), 一溪先生家譜(1), 星野家譜(1), 宇治千代吉家譜(1), 松枝氏家譜(1), 伊達家家譜(1), 別所氏家譜(1), 横山家譜(1), 良覚院家譜(1), 支倉六右衛門家譜(1), 石田家譜(1), 刀鍜冶藤原国包家譜(1), 末家橘之助直筆同人家譜(1), 留守氏家譜(1), 刀工國包家譜(1), 星孫兵衞家譜(1), 東照宮家譜(1), 片倉御家譜(1), 飛鳥井家譜(1), 印東家之家譜(1), 信長家譜(1), 江氏家譜(1), 池田氏家譜(1), 太田氏家譜(1), 秋府絶家譜(1), 朽木六家譜(1), 水野家譜(1), 戸川家譜(1), 専門画家譜(1), 大内家譜(1), 常陸御家譜(1), 丹羽家譜(1), 誹諧点業家譜(1), 義宣家譜(1), 医家譜(1), 医官家譜(1), 石井家譜(1), 医師家譜(1), 石川伊織家譜(1), 石川伊織組士家譜(1), 秋月家譜(1), 秋田家譜(1), 朝比奈氏家譜(1), 足利家譜(1), 足利高経以下代々家譜(1), 阿蘇家譜(1), 阿多家譜(1), 新家譜(1), 余目氏家譜(1), 伊藤武右衛門家譜(1), 井上家譜(1), 今枝氏家譜(1), 今城家譜(1), 今小路天金山常楽台家譜(1), 伊予諸藩家譜(1), 入江家譜(1), 岩尾家譜(1), 岩倉家譜(1), 岩屋鶴田家譜(1), 宇佐宮成家譜(1), 牛田家譜(1), 臼井家譜(1), 宇津木家譜(1), 梅小路家譜(1), 梅園家譜(1), 梅渓家譜(1), 浦野氏家譜(1), 卜部家譜(1), 裏松家譜(1), 御長家譜(1), 越前家家譜(1), 大炊御門家譜(1), 大江家譜(1), 大江御家譜(1), 大木家譜(1), 正親町家譜(1), 大阪城代諸家譜(1), 大洲加藤家譜(1), 大関家譜(1), 大田氏家譜(1), 太田六代家譜(1), 大田原家譜(1), 大鳥居家譜(1), 大新田後閑家譜(1), 大橋太郎家譜(1), 大原家譜(1), 大宮家譜(1), 大神玉手家譜(1), 岡崎家譜(1), 小笠原系図家譜(1), 緒方家代々家譜(1), 奥平急賀斎家譜(1), 奥村家譜(1), 小倉家譜(1), 小栗家譜(1), 愛宕家譜(1), 越知家譜(1), 乙部家譜(1), 小野家譜(1), 小野寺家譜(1), 小畠景憲家譜(1), 小幡家譜(1), 御賄方御用達町人家譜(1), 小山家譜(1), 温姓家譜(1), 艾姓家譜(1), 加賀爪家譜(1), 郭姓家譜(1), 風早家譜(1), 夏姓家譜(1), 勘解由小路家譜(1), 上御倉家譜(1), 亀井家譜(1), 京師点者家譜(1), 烏丸家譜(1), 義舜公御家譜(1), 北島家譜(1), 北島系図並家譜(1), 北小路家譜(1), 北畠家譜(1), 北畠家譜松崎家譜(1), 紀量弘家譜(1), 城崎郡名家譜(1), 紀真継家譜(1), 木村家譜(1), 肝付家譜(1), 従五位鍋島直彬家譜(1), 藤龍家譜(1), 大蔵姓成冨家譜(1), 大蔵姓成富家譜(1), 成富家譜(1), 寛政重脩諸家譜(1), 徳川家家譜(1), 龍造寺鍋島家家譜(1), 櫛笥家譜(1), 葛山家譜(1), 倉橋家譜(1), 久留島家譜(1), 蔵人所衆家譜(1), 桑原家譜(1), 源家譜(1), 小出家譜(1), 香西藤右衛門家譜(1), 高氏家譜(1), 江州荒見村聞香寺縁起並家譜(1), 久我断絶庶流家譜(1), 本田家譜(1), 村井氏家譜(1), 小堀家譜(1), 小松御家譜(1), 御両卿御家譜(1), 西園寺家譜(1), 西園寺断絶庶流家譜(1), 斎藤家譜(1), 嵯峨家譜(1), 榊原大須賀家譜(1), 坂田家譜(1), 坂本家譜(1), 佐久間家譜(1), 鮭延越前守家譜(1), 笹岡家譜(1), 佐竹家家譜(1), 佐竹家御家譜(1), 佐竹御家譜(1), 佐竹氏家譜(1), 佐竹諸家譜(1), 佐竹氏歴世家譜(1), 佐藤一斎家譜(1), 佐藤家譜(1), 里見家譜(1), 実美公履歴及三条家譜(1), 近藤家譜(1), 近藤杢右衛門組士家譜(1), 近藤六家譜(1), 三条西家譜(1), 塩川氏家譜(1), 滋野井家譜(1), 四家前田家譜(1), 慈光寺家譜(1), 四条家譜(1), 七条家譜(1), 司中家譜(1), 執柄以下家譜(1), 芝山家譜(1), 島津内記家譜(1), 十一家譜(1), 酒井氏御家譜(1), 諸家断家譜(1), 諸武家譜(1), 白尾氏家譜(1), 白川家譜(1), 新庄家譜(1), 新撰家譜(1), 親王家譜(1), 親王家略家譜(1), 神保家譜(1), 真巌院家譜(1), 神境名家譜(1), 南部家御家譜(1), 杉原家譜(1), 調所氏家譜(1), 鈴木氏家譜(1), 鷲見家譜(1), 諏訪家譜(1), 清閑寺家譜(1), 聖藩家譜(1), 清和源氏森家譜(1), 関戸家譜(1), 世尊寺家譜(1), 絶家家譜(1), 附河辺家譜(1), 千秋家譜(1), 泉州佐野食野家譜(1), 禅道族天珪族御家譜(1), 宗家譜(1), 相馬家譜(1), 園池家譜(1), 園家譜(1), 大医令橘先生家譜(1), 大宮司河辺家譜(1), 醍醐家譜(1), 大樹家御家譜(1), 大聖寺侯家譜(1), 大道寺家譜(1), 高岳家譜(1), 高田家譜(1), 高千穂家譜(1), 鷹司家譜(1), 高辻家譜(1), 高天神小笠原家譜(1), 高松家譜(1), 多紀家譜(1), 多紀家家譜(1), 滝脇家譜(1), 田口氏家譜(1), 武田家譜(1), 竹中家譜(1), 竹内家譜(1), 竹腰家譜(1), 竹屋家譜(1), 立花鑑連家譜(1), 伊達氏家譜(1), 立入家譜(1), 田中家譜(1), 谷家譜(1), 田沼家譜(1), 玉造家譜(1), 玉松家譜(1), 田村家譜(1), 多米家譜(1), 多聞院並佐々木家譜(1), 断家譜(1), 知行家譜(1), 竹園家譜(1), 千種家譜(1), 千葉家家譜(1), 茶屋家譜(1), 鋳家譜(1), 長家家譜(1), 陳外郎家譜(1), 津軽信英家譜(1), 綱利公家譜(1), 津野家譜(1), 津野氏家譜(1), 津守家譜(1), 手塚家譜(1), 武家譜(1), 水家譜(1), 紀伊國造家譜(1), 江戸古筆家譜(1), 小山実記同家譜(1), 伊達家臣家譜(1), 江州野洲郡荒見村仏寿山聞光寺家譜(1), 武熊家譜(1), 浪華点者家譜(1)"
系譜,1703,670,"諸士系譜(344), 諸家系譜(185), 系譜(74), 御系譜(65), 諸系譜(38), 茶人系譜(17), 池田氏系譜(17), 茶人大系譜(15), 赤松系譜(9), 本居氏系譜(8), 傳記系譜(7), 蜂須賀氏系譜(6), 市川家系譜(6), 嵐家系譜(6), 劇子系譜(6), 改選諸家系譜(6), 諸門跡系譜(5), 浄土伝燈総系譜(5), 千家系譜(5), 俳道系譜(5), 世説新語補系譜(5), 伊達氏系譜(5), 古今俳優似顔大全中村家系譜(4), 市村家系譜(4), 大和家坂東系譜(4), 三河屋市川系譜(4), 古今俳優似顔大全高島家系譜(4), 大谷家系譜(4), 古今俳優似顔大全小佐川家系譜(4), 古今俳優似顔大全吾妻家系譜(4), 古今俳優似顔大全中島家系譜(4), 岩井家系譜(4), 中村天王寺家系譜(4), 徳川御系譜(4), 源秀康卿行状並系譜(4), 茶家系譜(4), 徳川家系譜(4), 池田家系譜(4), 伊達家系譜(4), 鍋島紀伊守系譜(4), 鍋島甲斐守系譜(4), 鈴木氏系譜(4), 伊達系譜(4), 英勝寺歴代御系譜(3), 本願寺系譜(3), 俳諧花系譜(3), 三条家系譜(3), 桂宮系譜(3), 徳川氏系譜(3), 尾治宿禰田島系譜(3), 古河藩士系譜(3), 御当家系譜(3), 宗匠系譜(3), 本庄系譜(3), 茶道系譜(3), 楠家系譜(3), 皇族系譜(3), 新編纂圖本朝尊卑分脉系譜(3), 布施家親戚系譜(3), 日東周易蘇卦爻象系譜(3), 楽焼家田中氏系譜(3), 古今茶人系譜(3), 伊勢家系譜(3), 新編纂圖本朝尊卑分脈系譜(3), 大河内系譜(2), 津軽家系譜(2), 守田屋系譜(2), 坂田家系譜(2), 中山家系譜(2), 尾上家系譜(2), 三枡京枡家系譜(2), 古今俳優似顔大全嵐家系譜(2), 似顔大全系譜(2), 古今俳優似顔大全実川系譜(2), 古今俳優似顔大全惣領家系譜(2), 古今俳優似顔大全山下家系譜(2), 古今俳優似顔大全藤川家系譜(2), 市河家系譜(2), 守田家系譜(2), 戸田松平家系譜(2), 近代帝王系譜(2), 阿蘇家伝及系譜(2), 多羅尾氏系譜(2), 蜂須賀系譜(2), 前田家系譜(2), 観世系譜(2), 藤堂御系譜(2), 親王家門室系譜(2), 島原松平家系譜(2), 足利将軍系譜(2), 烏丸家系譜(2), 井光村伊藤起立系譜(2), 四親王家御系譜(2), 武術系譜(2), 岩室家系譜(2), 鷹司家系譜(2), 葉室家系譜(2), 射術略伝系譜(2), 左大臣家忠公孫花山院系譜(2), 出雲国造世系譜(2), 御内勤仕諸系譜(2), 崎門学派系譜(2), 通俗列国志系譜(2), 御当家御系譜(2), 校正池田氏系譜(2), 野川流三線系譜(2), 尾張諸家系譜(2), 春秋左氏伝列国君臣系譜(2), 有馬系譜(2), 璿源系譜(2), 尾張家系譜(2), 神別系譜(2), 赤松家系譜(2), 会津家系譜(2), 越前家系譜(2), 薩藩門閥系譜(2), 算家系譜(2), 刀工系譜(2), 鞍鐙彫刻系譜(2), 猿若中村家系譜(2), 滝野家系譜(2), 播磨家系譜(2), 松本家系譜(2), 沢村家系譜(2), 瀬川家系譜(2), 犬塚系譜(2), 若林氏系譜(2), 田村家御系譜(2), 安田氏系譜(2), 日本外史補系譜(2), 千葉家系譜(2), 伊勢国司系譜(2), 源秀康卿行状并系譜(2), 加藤家御系譜(2), 佐久間系譜(2), 石河系譜(2), 太田系譜(2), 大谷一流諸家分脈系譜(2), 鍋島和泉守系譜(2), 鍋島統太郎系譜(2), 鍋島安次郎系譜(2), 秋田家系譜(2), 黒田家系譜(2), 新羅源氏南部御家御系譜(2), 盛岡御系譜(2), 琢磨流系譜(2), 皇胤御系譜(2), 酒井家系譜(2), 酒井両家系譜(2), 飛鳥園正統系譜(2), 三枝系譜(2), 佐竹系譜(2), 渋谷系譜(2), 殺活揚心流正伝系譜(2), 淨土傳燈總系譜(2), 陣徒系譜(2), 神代略系譜(2), 菅原系譜(2), 刀劔系譜(2), 伊達氏御系譜(2), 伊東氏系譜(2), 大場氏系譜(2), 片倉氏系譜(2), 木村氏系譜(2), 国分氏系譜(2), 桜田氏系譜(2), 白石家系譜(2), 永野氏系譜(2), 福原氏系譜(2), 山路氏系譜(2), 仙台藩儒家系譜(2), 本朝畫家系譜(2), 竹腰系譜(2), 鎮西聖光上人香月系譜(2), 岡田家系譜(2), 宗吾靈系譜(1), 遠山家系譜(1), 家系譜(1), 将軍家御系譜(1), 橘姓系譜(1), 誹諧錦花流系譜(1), 寛政四年子七月系譜(1), 津軽御系譜(1), 諸家御系譜(1), 安東氏系譜(1), 津軽家一門并六家系譜(1), 津軽系譜(1), 弘前藩名家系譜(1), 大雲寺諸堂并系譜(1), 佐賀諸士系譜(1), 鷲見歴代系譜(1), 度会氏略系譜(1), 俳諧系譜(1), 四親王系譜(1), 諸社祠官系譜(1), 古今浄瑠璃大系譜(1), 蜂須賀略系譜(1), 諸社神主系譜(1), 諸姓系譜(1), 本朝茶人系譜(1), 徳川氏御系譜(1), 五井深溝松平同姓系譜(1), 寛政二年書上候御系譜(1), 関流系譜(1), 有栖川宮御系譜(1), 菊亭家系譜(1), 久我家系譜(1), 皇統御系譜(1), 庭田家系譜(1), 山科家系譜(1), 栄語系譜(1), 冷泉二家系譜(1), 中院家系譜(1), 西洞院家系譜(1), 壬生家系譜(1), 山内家御系譜(1), 岸氏系譜(1), 馭馬調息伝統系譜(1), 靈鑑寺宮系譜(1), 藤田貞資系譜(1), 明珍甲図並系譜(1), 本朝剣工系譜(1), 本多氏系譜(1), 尾陽御系譜(1), 棋家系譜(1), 西山家連誹系譜(1), 山名系譜(1), 池田信濃守政言ヨリ系譜(1), 家祖同姓系譜(1), 池田山城守系譜(1), 御末家御続之系譜(1), 断絶之系譜(1), 日置忠章上書池田家系譜(1), 公儀之御指出御系譜(1), 治政様御代迄御系譜(1), 曾祖父松平伊予守綱政以来系譜(1), 斉政様御世迄御系譜(1), 父松平内蔵頭治政以来系譜(1), 松平右近大夫輝興松平備後守恒元系譜(1), 曾祖父松平内蔵頭治政以来系譜(1), 公儀之御差出之御系譜(1), 池田淡水系譜(1), 政樹系譜(1), 頼秀系譜(1), 農夫也系譜(1), 池田政雄系譜(1), 池田政樹系譜(1), 御支流系譜(1), 岡山住御同姓方系譜(1), 住御同姓方系譜(1), 御同姓系譜(1), 御同姓方系譜(1), 書道系譜(1), 福井氏系譜(1), 徳川系譜(1), 一橋家系譜(1), 近衛家閑院家系譜(1), 松平右近将監系譜(1), 渡辺能登守輝綱系譜(1), 田安府系譜(1), 渡辺氏系譜(1), 杉浦家系譜(1), 三井系譜(1), 新定佐々木氏系譜(1), 入木系譜(1), 各門蹟系譜(1), 御家中略系譜(1), 有馬伊予守豊範系譜(1), 多気地図并系譜(1), 和蘭王系譜(1), 津守系譜(1), 水谷川家系譜(1), 舘服部氏系譜(1), 崎門学脈系譜(1), 埼門系譜(1), 日本外史系譜(1), 附深山灌頂系譜(1), 蒔絵師系譜(1), 富士村上派系譜(1), 肥後国鐔工系譜(1), 康俊兄弟系譜(1), 彫工横谷系譜(1), 鍛冶年略系譜(1), 東播侯系譜(1), 南豊諸系譜(1), 町田本宗系譜(1), 水戸家系譜(1), 水野家系譜(1), 成瀬系譜(1), 福島家系譜(1), 菅原氏系譜(1), 浄土伝灯総系譜(1), 皇胤御系譜御部屋系譜(1), 清和源氏系譜(1), 源系譜(1), 大給松平系譜(1), 明治御系譜(1), 梶川系譜(1), 音羽家坂東系譜(1), 片岡松嶋家系譜(1), 浅尾家系譜(1), 阿蘭陀流系譜(1), 遠藤家系譜(1), 黒田系譜(1), 大隈家系譜(1), 秋府諸士系譜(1), 麻生系譜(1), 左伝系譜(1), 絵所預土佐家略系譜(1), 四条家円山家略系譜(1), 輪王系譜(1), 漢朝諸家畧系譜(1), 源姓新田氏系譜(1), 伊達御系譜(1), 藤原姓佐藤氏系譜(1), 清水道閑系譜(1), 清水系譜(1), 宮城百人一首小傳系譜(1), 本朝尊卑分脈系譜(1), 新編纂図本朝尊卑分脈系譜(1), 清原氏系譜(1), 紀氏系譜(1), 佐嘉諸士系譜(1), 熊野神之邑社士三黨系譜(1), 鄭成功系譜(1), 日本書紀天皇系譜(1), 生田流箏曲傳授系譜(1), 御正統御系譜(1), 中興名物系譜(1), 陶家系譜(1), 清和源氏徳川家系譜(1), 雑戯系譜(1), 春秋左氏傳列國君臣系譜(1), 織田系譜(1), 尾張氏系譜(1), 声明系譜(1), 蕉門系譜(1), 蕉門略系譜(1), 惺窩先生系譜(1), 先哲学流系譜(1), 浅井氏系譜(1), 物語年立系譜(1), 浪速俳諧系譜(1), 藤原惣系譜(1), 南都右方人系譜(1), 浜松中納言物語系譜(1), 林家近代家系譜(1), 百人一首系譜(1), 密宗声明系譜(1), 密乗声明相承系譜(1), 役者師弟系譜(1), 呂氏系譜(1), 水口藩士先祖系譜(1), 医家多紀氏系譜(1), 伊木氏系譜(1), 生駒系譜(1), 石井家系譜(1), 石川系譜(1), 石川家系譜(1), 伊豆国伊豆宿禰系譜(1), 出雲国造系譜(1), 伊勢国士系譜(1), 秋元系譜(1), 阿蘇氏系譜(1), 足立氏系譜(1), 熱田旧家系譜(1), 安東系譜附竹中系譜(1), 安藤帯刀系譜(1), 人道系譜(1), 井戸系譜(1), 犬山神戸氏系譜(1), 異本楽系譜(1), 今井系譜(1), 今川系譜(1), 今川家諸系譜(1), 今川家瀬名家系譜(1), 今川氏系譜(1), 今城家系譜(1), 弥彦神系譜(1), 入江家系譜(1), 岩倉家系譜(1), 岩松氏系譜(1), 院室系譜(1), 宇灊水系譜(1), 宇都宮系譜(1), 梅小路家系譜(1), 卜部系譜(1), 卜部家系譜(1), 漆戸家系譜(1), 本多内蔵助副充君系譜(1), 皇子皇孫系譜(1), 皇子皇孫親王家系譜(1), 近江国志賀郡錦織氏系譜(1), 麻殖氏系譜(1), 大石小山系譜(1), 大炊御門家系譜(1), 大鏡系譜(1), 正親町家系譜(1), 大久保系譜(1), 大久保総系譜(1), 大蔵朝臣古賀氏系譜(1), 大河内御系譜(1), 大田氏系譜(1), 太田氏系譜(1), 太田氏世族系譜(1), 大谷氏系譜(1), 小笠原系譜(1), 小笠原氏系譜(1), 岡村系譜(1), 小亀氏系譜(1), 岡本系譜(1), 奥平家系譜(1), 奥平麁配之系譜(1), 奥村系譜(1), 小倉家系譜(1), 小栗系譜(1), 小槻系譜(1), 小田一流系譜(1), 愛宕家系譜(1), 小田系譜(1), 織田氏系譜(1), 越智家御系譜(1), 小幡家系譜(1), 御祭系譜(1), 表流千家系譜(1), 御役人系譜(1), 御学寮系譜(1), 土岐系譜(1), 甲斐源氏系譜(1), 二条冷泉兩家御系譜(1), 兒嶋三宅系譜(1), 略系譜(1), 加賀藩系譜(1), 加賀美系譜(1), 香川氏系譜(1), 加古系譜(1), 葛西系譜(1), 笠置山直純寺系譜(1), 家伝君臣系譜(1), 金上家系譜(1), 竈門系譜(1), 神世系譜(1), 亀井系譜(1), 亀井家系譜(1), 加陽諸士本末系譜(1), 寛永諸家系図伝条例寛政重修諸家系譜(1), 菅家御系譜(1), 菅家正統系譜(1), 将軍系譜(1), 紀州水戸御系譜(1), 紀水系譜(1), 紀姓系譜(1), 北大路系譜(1), 北川系譜(1), 北島系譜(1), 北村家系譜(1), 吉川系譜(1), 吉家系譜(1), 城戸系譜(1), 城所氏村田山川円山系譜(1), 木村五郎信綱家系譜(1), 木村了琢書上系譜(1), 肝属氏系譜(1), 被差上候御系譜(1), 鍋島系譜(1), 改選寛永差出諸家系譜(1), 石井系譜(1), 青蓮院門跡系譜(1), 源姓松浦氏系譜(1), 細川系譜(1), 草苅家系譜(1), 櫛笥家系譜(1), 楠氏系譜(1), 葛山系譜(1), 熊野三党系譜(1), 熊野長床坊家系譜(1), 倉橋家系譜(1), 来島系譜(1), 黒川大衡系譜(1), 黒木家系譜(1), 黒田家御系譜(1), 御一族系譜(1), 御一家御系譜(1), 御一宗御法脈御系譜(1), 御部屋系譜(1), 弘化系譜(1), 御指出御系譜(1), 公儀御系譜(1), 公義田安一橋紀州家等之系譜(1), 江系譜(1), 麴町御系譜(1), 甲州天野家文書並系譜(1), 興正寺系譜(1), 公族系譜(1), 皇代系譜(1), 弘法大師俗姓系譜(1), 卑分脈系譜(1), 高野山相承系譜(1), 巨鹿諸士系譜(1), 芙蕖館服部氏系譜(1), 対州宗氏始祖系譜(1), 郡山侯系譜(1), 湯浅氏系譜(1), 小松氏正統世録系譜(1), 小宮山系譜(1), 児屋家根系譜(1), 御歴代系譜(1), 再選系譜(1), 酒井系譜(1), 酒井家御系譜(1), 榊原系譜(1), 嵯峨系譜(1), 嵯峨家系譜(1), 相良氏系譜(1), 佐々木京極系譜(1), 佐々木氏系譜(1), 佐竹壱岐守系譜(1), 佐竹家系譜(1), 佐竹御系譜(1), 佐竹氏系譜(1), 佐竹分流系譜(1), 薩隅日刀剣師系譜(1), 佐藤系譜(1), 真田系譜(1), 真田家系譜(1), 佐野系譜(1), 沢田氏系譜(1), 猿渡氏系譜(1), 金剛宝山輪王禅寺系譜(1), 近藤氏系譜(1), 三卿系譜(1), 三家系譜(1), 纂修伊集院系譜(1), 三条西系譜(1), 直純寺系譜(1), 紫極御系譜(1), 滋野井家系譜(1), 四宮系譜(1), 渋川系譜(1), 渋谷家系譜(1), 島津家系譜(1), 島津家御系譜(1), 島津氏系譜(1), 島津氏支系譜(1), 社家系譜(1), 社寺系譜(1), 本阿弥十二家系譜(1), 原本左傳系譜(1), 纂図本朝尊卑分脈系譜(1), 重代荒木田氏系譜(1), 十二代尊観上人系譜(1), 酒井御系譜(1), 他説系譜(1), 藩中諸系譜(1), 彫工系譜(1), 勝興寺系譜(1), 浄土教系譜(1), 書博士系譜(1), 白河系譜(1), 白川家系譜(1), 白山神主上道氏系譜(1), 真宗諸派系譜(1), 新庄氏石川氏両家系譜(1), 進士流膳部方系譜(1), 深仙灌頂系譜(1), 神代之系譜(1), 神長官系譜(1), 親王方御系譜(1), 親王家并諸門跡系譜(1), 神皇御系譜(1), 新編御系譜(1), 神祇系譜(1), 神宮系譜(1), 南部家系譜(1), 季光公経光公御系譜(1), 菅原御系譜(1), 菅原姓久松氏系譜(1), 杉浦系譜(1), 数寄系譜(1), 鈴木系譜(1), 鈴屋翁系譜(1), 須藤系譜(1), 鷲見氏根元系譜(1), 諏訪系譜(1), 諏訪氏代々系譜(1), 静寛院宮系譜(1), 誓願寺系譜(1), 清光院殿御縁者方之御系譜(1), 関屋氏系譜(1), 世尊寺及持明院系譜(1), 摂家御系譜(1), 瀬戸窯家大系譜(1), 千家之系譜(1), 禅宗伝統系譜(1), 宗氏系譜(1), 曹洞列祖系譜(1), 曾我系譜(1), 園家系譜(1), 醍醐家系譜(1), 大師系譜(1), 大聖寺藩系譜(1), 大徳寺系譜(1), 大徳寺大系譜(1), 大徳寺略系譜(1), 後藤家系譜(1), 大宝寺屋形系譜(1), 台密四家悉曇総伝系譜(1), 大名系譜(1), 高尾系譜(1), 高倉家系譜(1), 高崎家系譜(1), 高辻家系譜(1), 高根家系譜(1), 高野家系譜(1), 高橋氏系譜(1), 高松系譜(1), 田口家系譜(1), 詫間氏系譜(1), 武田家系譜(1), 武田氏系譜(1), 武田松前并外二家系譜(1), 武市半平太系譜(1), 竹中系譜(1), 田島氏系譜(1), 但馬名家系譜(1), 多田家系譜(1), 橘家系譜(1), 伊達家御系譜(1), 伊達氏系譜並氏族系譜(1), 伊達世系譜(1), 田中一閑系譜(1), 田中家系譜(1), 谷村家系譜(1), 種子島氏系譜(1), 玉山家系譜(1), 千賀氏系譜(1), 千頭氏書翰並系譜(1), 知久家御系譜(1), 千種家系譜(1), 千葉東氏系譜(1), 千村山村両家及九人衆系譜(1), 茶人伝授系譜(1), 嫡家本願寺系譜(1), 長家系譜(1), 調子家系譜(1), 長府系譜(1), 長楽寺蔵御系譜(1), 津軽家御系譜(1), 津軽古系譜(1), 津田家系譜(1), 津野系譜(1), 津山藩松平家系譜(1), 万家系譜(1), 御當家御系譜(1), 生田流箏曲伝授系譜(1), 南郭御系譜(1), 本堂系譜(1), 落久保物語系譜(1), 寛政重修系譜(1), 崎門系譜(1), 伊賀守系譜(1), 源黄門秀康卿行状并系譜(1), 江家系譜(1), 古今伝授及道統系譜(1), 祝部氏系譜(1), 四親王家系譜(1), 釈迦系譜(1), 秋庭家系譜(1), 法如宗主代本山系譜(1), 越前家御本家共御系譜(1)"
図譜,912,170,"本草図譜(460), 有職図譜(31), 本草綱目啓蒙図譜(26), 草木花実写真図譜(21), 更紗図譜(13), 花卉介虫図譜(12), 求古図譜(11), 万象写真図譜(10), 石檠図譜(10), 草花図譜(9), 丹鶴図譜(9), 救荒草品図譜(8), 万国旗章図譜(8), 名山図譜(7), 本草鳥獣魚貝図譜(7), 盆山図譜(7), 把而翕湮解剖図譜(7), 塡詞図譜(7), 朝顔図譜(7), 椿花図譜(6), 竹園草木図譜(5), 填詞図譜(5), 大日本美術図譜(5), 茶説図譜(5), 旧儀装飾十六式図譜(4), 万国舶旗図譜(4), 雪斎運金図譜(4), 虫豸図譜(4), 太閤記図譜(3), 花菖蒲図譜(3), 草花写生図譜(3), 草木品物図譜(3), 古瓦図譜(3), 万年青盆図譜(3), 鼠族図譜(3), 菓子図譜(3), 四相八識図譜(3), 仏器図譜(3), 植物図譜(3), 図譜(3), 万年青図譜(3), 石山斎茶具図譜(3), 細川流百景図譜(2), 古銭図譜(2), 舶載草木図譜(2), 名果図譜(2), 物印満本草図譜(2), 蓮図譜(2), 豊文朝顔図譜(2), 魚類図譜(2), 板鰓魚類鰈鮫類漁貝類図譜(2), 菖蒲図譜(2), 日光産木類写生図譜(2), 附図譜(2), 運気暦象図譜(2), 草木螺魚図譜(2), 多識図譜(2), 皇代系図譜(2), 八丈島図譜(2), 三州沿革図譜(2), 草木図譜(2), 刀剣図譜(2), 群英類聚図譜(2), 博物館図譜(2), 博物館動物図譜(2), 茶之湯釜図譜(2), 織文図譜(2), 鵰尾図譜(2), 茶器図譜(2), 乳岩図譜(2), 解剖図譜(2), 動植物図譜(2), 桜花図譜(1), 百花図譜(1), 西洋草花図譜(1), 魚貝図譜(1), 太閣記図譜(1), 集古図譜(1), 石灯籠図譜(1), 晩成図譜(1), 木曽産物図譜(1), 城地図譜(1), 熱帯植物図譜(1), 御即位式図譜(1), 蕈図譜(1), 外科図譜(1), 津軽図譜(1), 梅花四十八図譜(1), 地球全図并各国舶旗図譜(1), 福寿草図譜(1), 狂歌人物図譜(1), 献上図譜(1), 石燈籠図譜(1), 古金図譜(1), 万葉本草図譜(1), 摂河泉書上図譜(1), 福山老侯清玩貝類図譜(1), 近江水産図譜(1), 十六式図譜(1), 紅葉図譜(1), 万国旌旗図譜(1), 古硯図譜(1), 生華名人図譜(1), 祇園会山鉾古代図譜(1), 物理学図譜(1), 旗物図譜(1), 御旗印図譜(1), 宝月楼古鑑図譜(1), 玩具図譜(1), 万圀旗章図譜(1), 遊里図譜(1), 博物館植物図譜(1), 四季草花図譜(1), 動物図譜(1), 奇貝図譜(1), 新古模様図譜(1), 古玉図譜(1), 布列私解剖図譜(1), 奇獣図譜(1), 徳川将軍幕府時代刑罰図譜(1), 写生図譜(1), 藏泉出入図譜(1), 保護鳥図譜(1), 古瀬戸図譜(1), 三州志図譜(1), 茶具図譜(1), 西洋船聚図譜(1), 柑橘図譜(1), 明治勲章図譜(1), 萬象写真図譜(1), 博物図譜(1), 本草啓蒙図譜(1), 内景図譜(1), 把爾翕湮解剖図譜(1), 能面図譜(1), 鬼頭氏系図譜(1), 異魚図譜(1), 菊花写生図譜(1), 遠西医範眼目篇訳図譜(1), 伊奈郡菌類図譜(1), 万国旗図譜(1), 本草綱目図譜(1), 越後国植物写生図譜(1), 御冠礼式解同図譜(1), 御菓子雛形図譜(1), 解観大意図譜(1), 解体図譜(1), 鎧毛図譜(1), 賀川産科図譜(1), 木曾産物図譜(1), 五緯行度図譜(1), 花実草木写真図譜(1), 古紋図譜(1), 栽花園福寿草図譜(1), 桜百種図譜(1), 佐渡鉱山図譜(1), 佐渡国物産図譜(1), 覇王樹図譜(1), 犬追物図譜(1), 尚古図譜(1), 西土歴代帝王図譜(1), 西洋諸鳥図譜(1), 蔵泉出入図譜(1), 虫類図譜(1), 町見術図譜(1), 鳥獣図譜(1), 新刊地球全図并各国舶旗図譜(1), 於乎止点図譜(1), 諸神系図譜(1), 十島図譜(1)"
年譜,849,436,"年譜(48), 御年譜(34), 井伊年譜(23), 藤樹先生年譜(20), 白香山年譜(20), 鈴屋翁略年譜(18), 卷附寒松老人年譜(15), 神君御年譜(12), 勝茂公御年譜(12), 水戸威義二公年譜(11), 卷年譜(10), 一休和尚年譜(10), 藤垣内翁略年譜(10), 弘法大師年譜(9), 聖一国師年譜(8), 本化高祖年譜(8), 元茂公御年譜(6), 益軒先生年譜(5), 水戸威公年譜(5), 夢窓国師年譜(5), 闇斎先生年譜(5), 聖一國師年譜(5), 綱茂公御年譜(5), 威公年譜(4), 丹羽長重年譜(4), 紫陽文公先生年譜(4), 貞山利公年譜(4), 永平高祖年譜(4), 吉茂公御年譜(4), 宗茂公御年譜(4), 統清年譜(4), 大歇和尚年譜(3), 太師徽國文公年譜(3), 一遍上人年譜(3), 大徳寺年譜(3), 智証大師年譜(3), 義公年譜(3), 白石先生年譜(3), 東福開山聖一國師年譜(3), 塙保己一年譜(3), 山本神右衛門重澄法名孝白善忠年譜(3), 山本神右衛門常朝年譜(3), 直能公御年譜(3), 鹿島年譜(3), 酒井家年譜(3), 直茂公御年譜(3), 元武公御年譜(3), 秋藩年譜(2), 愚中和尚年譜(2), 水戸義公年譜(2), 英勝院年譜(2), 園道年年譜(2), 藤孝公年譜(2), 覚源禅師年譜(2), 仏智広照浄印翊聖国師年譜(2), 勝定国師年譜(2), 仁和寺諸師年譜(2), 神子禅師栄尊大和尚年譜(2), 法燈国師行実年譜(2), 梅峰禅師塔銘年譜(2), 竜海院年譜(2), 本鎮侯年譜(2), 幽斎公年譜(2), 尭恭法親王年譜(2), 普照国師年譜(2), 黄忠端公年譜(2), 続弘法大師年譜(2), 大慈開祖法皇禅師略年譜(2), 瑞応僧正泊如和尚年譜(2), 武田信玄年譜(2), 治憲公年譜(2), 東坡先生年譜(2), 常楽台存覚上人年譜(2), 芳烈公自記年譜(2), 山本亡羊年譜(2), 江陽屋形年譜(2), 綱利公御年譜(2), 越州年譜(2), 清和源氏御年譜(2), 徳川義直御年譜(2), 朱子年譜(2), 東渓石先生年譜(2), 黒田年譜(2), 松島瑞巖中興大悲圓滿國師雲居和尚年譜(2), 前奧州太守大慈院君年譜(2), 前奥州太守大慈院君年譜(2), 磐翁年譜(2), 勝道尊者年譜(2), 松岡先生年譜(2), 蒼竜窟年譜(2), 黒瀧潮音和尚年譜(2), 源孝純年譜(2), 藤樹年譜(2), 独妙禅師年譜(2), 光政公筆御年譜(2), 面山和尚年譜(2), 孟子年譜(2), 黙山和尚年譜(2), 幽蘭堂年譜(2), 井内南涯年譜(2), 治茂公御年譜(2), 隆信公御年譜(2), 重茂公御年譜(2), 泰國院様御年譜(2), 公室年譜(2), 活所先生年譜(2), 西山上人略年譜(2), 徳川年譜(2), 泥洹院様御誕生已後年譜(2), 海野彬之年譜(2), 大円宝鑑国師年譜(2), 高真公大坂御陳御年譜(2), 元茂公直能公御年譜(2), 金粟様御年譜(2), 元延公御年譜(2), 有沢永貞年譜(2), 丹羽歴代年譜(2), 山師年譜(2), 興教大師年譜(2), 菅儒侍読臣之年譜(2), 菅神年譜(2), 松島瑞巌寺中興大悲円満国師雲居和尚年譜(2), 雲國候年譜(2), 高眞公大坂御陳御年譜(1), 学孔堂文集年譜(1), 閑雲先生年譜(1), 仏徳大通禅師愚中和尚年譜(1), 大慧普覺禪師年譜(1), 三峯和尚年譜(1), 雙峰国師年譜(1), 竜華年譜(1), 甲陽軍鑑年譜(1), 可睡斎法燈年譜(1), 菅神御年譜(1), 県居翁御年譜(1), 古学始祖年譜(1), 御役者年譜(1), 三条実教年譜(1), 藤原忠成公年譜(1), 黄梨洲先生年譜(1), 前田家年譜(1), 鹿持藤太年譜(1), 橋本家代々公事参仕年譜(1), 右軍年譜(1), 普門山年譜(1), 隠元禅師年譜(1), 東渓先生年譜(1), 裕軒川本幸民先生年譜(1), 家康公御年譜(1), 中山王府相卿傳職年譜(1), 土井利勝年譜(1), 謙信家系軍功年譜(1), 中山王府相郷伝職年譜(1), 千光祖師略年譜(1), 星巖梁川先生年譜(1), 琉球年譜(1), 佐竹氏年譜(1), 鴨方池田家年譜(1), 正二位勲三等侯爵池田章政年譜(1), 詮政公年譜(1), 附年譜(1), 存覺上人年譜(1), 杉浦梅潭年譜(1), 前田御年譜(1), 按察使親長年譜(1), 鍋島直茂公御年譜(1), 鍋島勝茂公御年譜(1), 石斎年譜(1), 石斎先生年譜(1), 磐水先生年譜(1), 磐水年譜(1), 茂楨年譜(1), 宇田川榕自叙年譜(1), 漢諸葛忠武侯年譜(1), 呂祖年譜(1), 公慶上人年譜(1), 尾州徳川家年譜(1), 明斎先生年譜(1), 冲庵先生年譜(1), 歴代名人年譜(1), 楊文憲公升庵先生全集年譜(1), 附三名家略年譜(1), 豊國公年譜(1), 能久親王年譜(1), 二公年譜(1), 江陽六角屋形年譜(1), 黎湖先生年譜(1), 附宜陽子年譜(1), 楓山章文懿公年譜(1), 桐漁年譜(1), 霽峯年譜(1), 豐國公年譜(1), 牙先生年譜(1), 附竹堂先生年譜(1), 卷坿文公朱夫子年譜(1), 卷坿廬陵歐陽文忠公年譜(1), 卷坿陽村先生年譜(1), 伊達家御代々年譜(1), 富屋孫兵衛年譜(1), 闇齋先生年譜(1), 洞巖年譜(1), 林子平先生年譜(1), 豊国公年譜(1), 春秋二十國世系行事ノ年譜(1), 蕉翁年譜(1), 内遠翁略年譜(1), 後藤垣内内遠年譜(1), 虎哉宗乙和尚略年譜(1), 藤垣内翁畧年譜(1), 後花園後西両天皇略年譜(1), 鼓缶子年譜(1), 三公年譜(1), 自家年譜(1), 私家年譜(1), 渋井太室年譜(1), 渋川春海年譜(1), 星巌梁川先生年譜(1), 東照大神君年譜(1), 什祖略年譜(1), 従三位君御年譜(1), 春林公年譜(1), 松雲公年譜(1), 浄厳大和尚年譜(1), 尚斎先生年譜(1), 商山年譜(1), 正法大王年譜(1), 真盛上人年譜(1), 進藤為純年譜(1), 西山上人年譜(1), 家君冨純御年譜(1), 祖師聖人年譜(1), 沢庵年譜(1), 竹内法諱年譜(1), 忠利公御年譜(1), 水戸威公義公年譜(1), 威公義公年譜(1), 藤堂高山公年譜(1), 土佐国老年譜(1), 利長公年譜(1), 富田年譜(1), 中川漁村先生行状年譜(1), 中ノ内年譜(1), 南溟君年譜(1), 南竜院様御年譜(1), 日光御門跡御代々年譜(1), 芭蕉翁年譜(1), 芭蕉翁略年譜(1), 鉢形之由来并町田之年譜(1), 塙前総検校年譜(1), 葉室頼要年譜(1), 原田環翠年譜(1), 治広公御年譜(1), 藩君初三代御年譜(1), 飯山松林君年譜(1), 檜垣通林年譜(1), 日次記年譜(1), 普賢院寿諦禅尼年譜(1), 藤原内府公年譜(1), 平城天皇御年譜(1), 法雲明洞禅師年譜(1), 法然年譜(1), 芳烈公年譜(1), 細川忠興公御年譜(1), 細川忠興年譜(1), 堀頤貞先生年譜(1), 本願寺宗主年譜(1), 本照院宮御年譜(1), 本朝女帝年譜(1), 売茶東牛翁年譜(1), 前田年譜(1), 松平越中守源定綱公年譜(1), 松平容敬年譜(1), 松平氏御年譜(1), 松平直政年譜(1), 松山年譜(1), 光尚公御年譜(1), 黙子和尚年譜(1), 本居内遠年譜(1), 鷹峰和尚年譜(1), 義高年譜(1), 吉徳公御年譜(1), 無着道忠禅師年譜(1), 無着妙融大和尚年譜(1), 室鳩巣先生年譜(1), 羅山先生年譜(1), 理源大師御年譜(1), 柳営御年譜(1), 竜淵寺歴住略年譜(1), 亮英法師年譜(1), 林氏三先生年譜(1), 霊隠妙応禅師年譜(1), 輪王寺御室御歴代御年譜(1), 輪王寺守澄尊敬法親王年譜(1), 輪王寺宮御年譜(1), 輪王寺宮年譜(1), 霖竜和尚年譜(1), 霊雲開山浄厳和尚年譜(1), 霊空和尚年譜(1), 霊光禅師年譜(1), 歴代藩公年譜(1), 烈祖年譜(1), 会津年譜(1), 秋月御年譜(1), 浅井氏年譜(1), 運敞老僧正泊如和尚年譜(1), 東川手筆行状年譜(1), 役小角年譜(1), 大谷略年譜(1), 越智家年譜(1), 越智略年譜(1), 小幡家年譜(1), 御室御代々年譜(1), 覚巌禅師年譜(1), 学林年譜(1), 隠之和尚年譜(1), 潮音和尚年譜(1), 木菴和尚年譜(1), 徳翁高和尚年譜(1), 夢窓國師年譜(1), 普照國師年譜(1), 高祖年譜(1), 明菴了禪師年譜(1), 法燈国師年譜(1), 大圓宝鑑国師年譜(1), 松島瑞巖中興大悲圓満国師雲居和尚年譜(1), 加陽御年譜(1), 寛永正保間年譜(1), 菅家御年譜(1), 義都年譜(1), 紀平洲先生年譜(1), 周煕年譜(1), 泰巖公御年譜(1), 泰巖公年譜(1), 御代々御花押幷御年譜(1), 鍋島家歴代年譜(1), 勝茂公年譜(1), 龍造寺家年譜(1), 故主水佑鍋島茂里年譜(1), 故主水佑鍋嶋茂里年譜(1), 下村生運年譜(1), 泰国院様御年譜(1), 黄檗二代木庵和尚年譜(1), 楠瀬年譜(1), 久世景孝年譜(1), 元士年譜(1), 天満宮年譜(1), 謙徳公略年譜(1), 后位年譜(1), 耕雲種月開基年譜(1), 興師年譜(1), 鈴屋翁年譜(1), 乾徳公略年譜(1), 清和源氏新田松平氏年譜(1), 御歴代年譜(1), 信興公御年譜(1), 権現様御年譜(1), 佐竹侯年譜(1), 浄土宗年譜(1), 三州海竜院年譜(1), 高真公大坂御陣御年譜(1), 実心繫院宮年譜(1), 侍読年譜(1), 續弘法大師年譜(1), 退藏始祖天桂和尚年譜(1), 宗門年譜(1), 鈴屋翁畧年譜(1), 直茂公年譜(1), 肥前國勅賜水上山興聖萬壽禅寺開山勅特賜神子禅師榮尊大和尚年譜(1), 泰厳公年譜(1), 真宗高僧略年譜(1), 神機独妙禅師年譜(1), 神宮式年遷宮年譜(1), 瑞雲山歴代年譜(1), 図書府年譜(1), 淨土宗年譜(1), 西山国師略年譜(1), 西山年譜(1), 聖藩年譜(1), 潜斎年譜(1), 禅定寺縁起年譜(1), 千妙寺年譜(1), 雙林寺歴代略年譜(1), 続幽蘭堂年譜(1), 大覚寺年譜(1), 大泉寺世代年譜(1), 大中寺歴祖年譜(1), 高岡町奉行所御代々年譜(1), 武田家年譜(1), 伊達世臣田村家年譜(1), 忠尋年譜(1), 勅諡国英法鑑禅師年譜(1), 附略年譜(1), 東照宮御年譜(1), 清和源氏新田松平家年譜(1), 後藤垣内年譜(1), 東福開山聖一国師年譜(1), 龍華年譜(1), 橋舘御年譜(1), 足代弘訓翁年譜(1), 津田永忠君年譜(1), 有沢武貞年譜(1), 在原業平年譜(1), 阿波正風年譜(1), 阿波国正門年譜(1), 東照宮年譜(1), 源富純君御年譜(1), 越前黄門年譜(1), 慧燈大師年譜(1), 円恕年譜(1), 淵先生年譜(1), 演澄年譜(1), 黄檗木庵和尚年譜(1), 小笠原忠真年譜(1), 小笠原秀政年譜(1), 翁略年譜(1), 億師年譜(1), 橋館御年譜(1), 藤樹中江先生年譜(1), 観世家年譜(1), 東海一休和尚年譜(1), 常楽臺存覚上人年譜(1), 義公御年譜(1), 木村探元先生略年譜(1), 漁村海保府君年譜(1), 黒田如水長政年譜(1), 光定和尚略伝附和尚年譜(1), 公辨法親王御年譜(1), 祖師聖人親鸞代々年譜(1), 綱隆年譜(1), 三島中洲先生年譜(1), 徂徠先生年譜(1), 梅崖先生年譜(1), 泊園書院年譜(1), 中山王府相卿伝職年譜(1), 橘黄年譜(1), 煉霞翁年譜(1)"
印譜,792,417,"印譜(75), 博愛堂集古印譜(49), 絵本問屋印譜(43), 寿石印譜(22), 崋山印譜(12), 公私古印譜(12), 笠沢印譜(11), 尾形流略印譜(9), 玄々瓷印譜(8), 椿山印譜(8), 古印譜(7), 茶家印譜(6), 竹田印譜(6), 笠澤印譜(6), 詩鈔印譜(5), 住吉印譜(5), 西游印譜(4), 岡田桑里印譜(4), 対山印譜(4), 探幽印譜(4), 点印譜(3), 狩野家印譜(3), 山陽印譜(3), 長沢累世印譜(3), 南涯印譜(3), 君台観印譜(3), 松花堂印譜(3), 石斎集古印譜(3), 澹寧居印譜(3), 英印譜(3), 奇勝堂印譜(3), 奇文堂印譜(3), 写山楼印譜(3), 徂徠印譜(3), 白石印譜(3), 集古印譜(3), 画家落款印譜(3), 蔵書印譜(3), 白華印譜(3), 博古齋印譜(3), 土佐家印譜(2), 陶磁印譜(2), 本朝印譜(2), 鉄翁印譜(2), 諸家印譜(2), 土井聱牙先生印譜(2), 竹涯印譜(2), 林谷山人帰去来印譜(2), 春琴印譜(2), 貫名海屋印譜(2), 官藩公印譜(2), 蘭皋印譜(2), 俳諧印譜(2), 山陽頼先生印譜(2), 頼山陽先生印譜(2), 愛蝶軒印譜(2), 雲煙家印譜(2), 応挙印譜(2), 琴松印譜(2), 古義堂印譜(2), 象山印譜(2), 松雨山房印譜(2), 竹洞印譜(2), 華岡印譜(2), 梅花堂印譜(2), 守山侯宍戸侯印譜(2), 容斎印譜(2), 林谷山人印譜(2), 古筆鑑定家印譜(2), 孝経印譜(2), 秋水園印譜(2), 二程印譜(2), 画家印譜(2), 高芙蓉印譜(2), 嘯雪堂印譜(2), 本朝畫家系同印譜(2), 本朝畫家落款印譜(2), 石齋集古印譜(2), 信古斎印譜(2), 魯堂印譜(2), 竹斎印譜(2), 射和文庫印譜(2), 慊堂印譜(2), 大田南畝印譜(2), 千字文印譜(2), 尚古館印譜(2), 御印譜(2), 諸名家印譜(2), 狩氏畫印譜(2), 飲中八僊歌印譜(2), 既酔堂印譜(2), 泉石山房私印譜(2), 狩野周信印譜(2), 狩野典信印譜(2), 緒方流略印譜(2), 山田太古印譜(1), 熾仁親王印譜(1), 中井敬所印譜(1), 椿椿山先生印譜(1), 本朝画家系同印譜(1), 承清館印譜(1), 晴蝸廬印譜(1), 大雅堂追薦書画輯録并年譜印譜(1), 瞑石斎印譜(1), 山陽先生遺印譜(1), 中山家印譜(1), 五峰楼印譜(1), 雄峯印譜(1), 天台雲影印譜(1), 滕畊泰印譜(1), 名家書画印譜(1), 利其器斎印譜(1), 安寧楼印譜(1), 遊歴中印譜(1), 板倉勝職印譜(1), 市原蔬香印譜(1), 一貫印譜(1), 上杉印譜(1), 芸閣私印譜(1), 雲夢印譜(1), 越渓印譜(1), 大橋訥庵印譜(1), 荻野淡斎印譜(1), 小山林堂印譜(1), 鍛冶橋狩野印譜(1), 典信印譜(1), 狩野常信印譜(1), 何礼之印譜(1), 九皐印譜(1), 菊庵印譜(1), 杏所刻印譜(1), 遇所印譜(1), 巻菱湖印譜(1), 後雪印譜(1), 源鱗印譜(1), 小林道彦印譜(1), 桑古印譜(1), 掃素館田順先生印譜(1), 桜井五竹先生飲中八仙歌印譜(1), 佐倉藩由比氏其他印譜(1), 杉風印譜(1), 紫川印譜(1), 拾翠館印譜(1), 松庵印譜(1), 松竹処印譜(1), 心越禅師印譜(1), 新古倭漢印譜(1), 信山印譜(1), 酔竹園印譜(1), 翠畝印譜(1), 星巌印譜(1), 赤氏印譜(1), 是真印譜(1), 雪堂印譜(1), 筌蹄印譜(1), 求古印譜(1), 淡雅印譜(1), 探元印譜(1), 檀山印譜(1), 竹素園印譜(1), 知味斎所蔵古鋳印譜(1), 鬯斎印譜(1), 堤柳居印譜(1), 東海印譜(1), 豊島海城先生印譜(1), 中橋狩野印譜(1), 南瓜蔕材雅堂印譜(1), 梅逸印譜(1), 芳林印譜(1), 白嶽山人印譜(1), 原田西疇篆印譜(1), 人見竹洞印譜(1), 平山子竜印譜(1), 広重印譜(1), 藤原正賢印譜(1), 芙蓉山房私印譜(1), 蚊城印譜(1), 平々山人印譜(1), 片石道人印譜(1), 鳳山印譜(1), 黒印譜(1), 墨僊堂印譜(1), 細川林谷印譜(1), 前田斉泰印譜(1), 牧野貞喜印譜(1), 増山正寧正同印譜(1), 源胤昌印譜(1), 源勝文印譜(1), 源信亨印譜(1), 水戸源斉修斉昭慶篤等印譜(1), 源定能印譜(1), 茗山印譜(1), 一勇斎国芳印譜(1), 山下翠畝印譜(1), 山田以文印譜(1), 山名景順印譜(1), 山本西厓印譜(1), 有義印譜(1), 由比閑斎印譜(1), 頼山陽田能村竹田擬印譜(1), 蘭渓印譜(1), 柳城印譜(1), 立斎印譜(1), 幕府押印譜(1), 真仁親王印譜(1), 皇国支那名刻印譜(1), 桂川家印譜(1), 坪内逍遥印譜(1), 有栖川宮家歴代印譜(1), 桂宮家累代印譜(1), 春斎印譜(1), 梧竹先生印譜(1), 尾崎紅葉印譜(1), 尾形流畧印譜(1), 酒井抱一先生印譜(1), 水石堂印譜(1), 古鉄山房印譜(1), 竜眠山人印譜(1), 強勉斎印譜(1), 白眼居士印譜(1), 松香館印譜(1), 守山侯頼寛印譜(1), 糸印譜(1), 飛鴻堂印譜(1), 問竒亭印譜(1), 博山居印譜(1), 酣古集印譜(1), 鴻爪印譜(1), 李王家印譜(1), 高田早苗印譜(1), 吉田半迂印譜(1), 竒勝堂印譜(1), 近世諸家印譜(1), 市河米菴等印譜(1), 頼山陽印譜(1), 絵師系図印譜(1), 客印譜(1), 柿衛等印譜(1), 藤貞幹摹古印譜(1), 本朝画家落款印譜(1), 長沢累世遺印譜(1), 佐久間象山印譜(1), 林家印譜(1), 漢土帝王印譜(1), 淇園印譜(1), 鉄斎印譜(1), 双石玉田印譜(1), 細井氏印譜(1), 片山貫道印譜(1), 英家印譜(1), 土佐印譜(1), 和楽遺印譜(1), 幽谷遺印譜(1), 市河寛斎米庵印譜(1), 長澤芦雪印譜(1), 華山印譜(1), 年方印譜(1), 貫義印譜(1), 桂月先生印譜(1), 支那画家落款印譜(1), 古筆印譜(1), 他印譜(1), 征露詔敕印譜(1), 藏書印譜(1), 星巖印譜(1), 大和室蔵書印譜(1), 乾堂印譜(1), 尾張藩鳴海代官所印譜(1), 北遊印譜(1), 快楽印譜(1), 貸本屋大惣印譜(1), 清默軒印譜(1), 伊達家歴代御印譜(1), 深川印譜(1), 己卯印譜(1), 本朝大成画家印譜(1), 原氏遺印譜(1), 封印譜(1), 俳句集印譜(1), 鳳山楼印譜(1), 咊亭印譜(1), 本朝名画伝并印譜(1), 羅漢印譜(1), 愛日楼印譜(1), 六止斎珎蔵印譜(1), 島僊子印譜(1), 雲華印譜(1), 越水印譜(1), 名家印譜(1), 古鋳印譜(1), 摹蔵書印譜(1), 蘐園印譜(1), 円山氏印譜(1), 竜岡印譜(1), 内藤紀州公印譜(1), 燕々居印譜(1), 平林惇徳印譜(1), 平山兵原翁印譜(1), 廣重印譜(1), 寛畝印譜(1), 崇古堂印譜(1), 南溟印譜(1), 六止齋珎蔵印譜(1), 花月印譜(1), 静正居印譜(1), 前川虚舟印譜(1), 擬古堂印譜(1), 富山景純印譜(1), 三井親清印譜(1), 水竹印譜(1), 保公馮印譜(1), 尚文堂蔵古銅印譜(1), 南台印譜(1), 富士山房印譜(1), 丘園絲印譜(1), 屋山印譜(1), 皆清印譜(1), 開陽堂水晶印譜(1), 華押印譜(1), 花押集及印譜(1), 岳月印譜(1), 学半斎印譜(1), 笠沢万印譜(1), 瓜蒂印譜(1), 林谷印譜(1), 小石山房印譜(1), 西遊印譜(1), 僊遊閣印譜(1), 里東白印譜(1), 涵月楼印譜(1), 奇賞堂印譜(1), 君山印譜(1), 和漢名家書画印譜(1), 紅蕙山房蔵印譜(1), 篁州印譜(1), 本朝画印譜(1), 古章印譜(1), 千字印譜(1), 崑陵先生篆刻印譜(1), 采真印譜(1), 鑿竅印譜(1), 参古堂印譜(1), 三升印譜(1), 三余堂印譜(1), 思永堂印譜(1), 志雅堂印譜(1), 芝山印譜(1), 実観印譜(1), 筱崎小竹印譜(1), 社寺古印譜(1), 平安名家印譜(1), 和漢書画家印譜(1), 秋水翁遺印譜(1), 終南悟心印譜(1), 衆芳軒印譜(1), 尚古堂古銅印譜(1), 畳字印譜(1), 諸家蔵印譜(1), 諸家蔵書印譜(1), 二栗斎印譜(1), 仁斎東涯二先生印譜(1), 秦漢瓦当印譜(1), 翠軒手刀印譜(1), 水滸伝印譜(1), 水石印譜(1), 水竹老人書斎快事印譜(1), 菘翁印譜(1), 寸斎印譜(1), 星巌紅蘭印譜(1), 清暉印譜(1), 靖共先生自刻印譜(1), 石斎珍蔵印譜(1), 石寿山房印譜(1), 石樵印譜(1), 石圃山人印譜(1), 雪柯松田翁私印譜(1), 雪中庵累代印譜(1), 先考酔名印譜(1), 専精堂印譜(1), 千文印譜(1), 桑里印譜(1), 蔵六居印譜(1), 続蔵書印譜(1), 巽斎捐因印譜(1), 泰山水晶印譜(1), 対山堂印譜(1), 狩野畫工道統幷印譜(1), 大雅堂追薦書画輯録幷年譜印譜(1), 多紀元堅印譜(1), 帰去来印譜(1), 長澤累世遺印譜(1), 松華堂印譜(1), 端隠福井先生印譜(1), 耽古堂印譜(1), 檀森斎印譜(1), 澹台印譜(1), 竹山印譜(1), 知名印譜(1), 張庵印譜(1), 趙陶斎印譜(1), 椿山遺印譜(1), 博古斎印譜(1), 道彦印譜(1), 古今印譜(1), 伊人印譜(1), 画神堂印譜(1), 百美印譜(1), 南州印譜(1), 田庸徳印譜(1), 山房印譜(1), 古銅印譜(1), 助郷一件歎願書印譜(1), 島仙子印譜(1), 唐詩印譜(1), 篆刻印譜(1), 阿部良山銅章印譜(1), 紀伊亜相公印譜(1)"
魚譜,273,32,"錦窠魚譜(65), 栗氏魚譜(47), 日東魚譜(46), 魚譜(25), 春山魚譜(23), 博物館魚譜(19), 皇和魚譜(7), 難波魚譜(6), 木水魚譜(5), 麑海魚譜(3), 梅園魚譜(2), 浴蔵魚譜(2), 淡海魚譜(2), 半魚譜(2), 西園魚譜(2), 蟲魚譜(1), 日本魚譜(1), 蒹葭堂魚譜(1), 搨真魚譜(1), 湖魚譜(1), 浪華魚譜(1), 雲停鯉魚譜(1), 万宝魚譜(1), 虫魚譜(1), 北越魚譜(1), 海河魚譜(1), 海産魚譜(1), 駿州魚譜(1), 増補魚譜(1), 淡鹹魚譜(1), 丹洲魚譜(1), 珍魚譜(1)"
統譜,248,18,"古今萬姓統譜(115), 卷歴代帝王姓系統譜(92), 歴代帝王姓系統譜(23), 歴代帝王世統譜(3), 大坪当流伝統譜(2), 古今伝師資相承当統譜(1), 萬聲大統譜(1), 江戸町奉行統譜(1), 楽統譜(1), 楽茶碗師統譜(1), 要門的伝正統譜(1), 和歌師資相傳正流血脉道統譜(1), 四大家道統譜(1), 三国相承宗分統譜(1), 神統譜(1), 赤県歴代帝王承統譜(1), 大日本天皇承統譜(1), 万声大統譜(1)"
花譜,186,37,"梅園草木花譜(55), 花譜(45), 牡丹花譜(7), 屋漏堂花譜(7), 桜花譜(6), 舶上花譜(5), 一白花譜(5), 群桜花譜(5), 長楽花譜(4), 流虬百花譜(4), 菖花譜(4), 橋北十七名花譜(3), 梅園海石榴花譜(3), 櫻花譜(3), 百花譜(3), 名花譜(2), 不断花園牽牛花譜(2), 草花譜(2), 石州生花譜(2), 心遠斎草花譜(2), 高山花譜(1), 久会優等品花譜(1), 庵花譜(1), 居易堂名花譜(1), 庭園花譜(1), 真形花譜(1), 牽牛花譜(1), 朝顔花譜(1), 朝顔奇花譜(1), 芥子梅花譜(1), 鞍鐙工花譜(1), 灌園花譜(1), 西洋花譜(1), 草木花譜(1), 和漢百花譜(1), 芍藥花譜(1), 琉虬百花譜(1)"
曲譜,186,52,"平曲譜(78), 六調子曲譜(28), 郢曲譜(6), 盤渉調曲譜(5), 曲譜(5), 六調子及高麗曲譜(3), 舞曲譜(3), 三極秘曲譜(2), 秘曲譜(2), 壱越調平調曲譜(2), 壱越調曲譜(2), 高麗竜外五曲譜(2), 雙調曲譜(2), 横笛中曲譜(2), 笛高麗秘曲譜(2), 左舞曲譜(2), 箏曲譜(2), 琵琶秘曲譜(2), 遏雲閣曲譜(2), 洞簫表曲譜(2), 及高麗曲譜(1), 笛秘曲譜(1), 雙調大食調曲譜(1), 壱越調平調盤渉調曲譜(1), 壱越調盤渉調曲譜(1), 高麗曲並六調子曲譜(1), 太食調曲譜(1), 壱越調平調盤渉調大食調曲譜(1), 高麗壱越調曲譜(1), 篳篥曲譜(1), 山田流筝曲譜(1), 崑戈榮慶社曲譜(1), 兪粟廬自書唱片曲譜(1), 怡志樓曲譜(1), 高麗曲譜(1), 雅楽曲譜(1), 波多野流平曲譜(1), 林家流八十八曲譜(1), 平調曲譜(1), 豊家伝授四大曲譜(1), 鳳笙大曲譜(1), 鳳笙中小曲譜(1), 北庭楽外五曲譜(1), 万秋楽蘇合香大曲譜(1), 山田流箏曲譜(1), 理趣経中曲譜(1), 竜笛曲譜(1), 竜笛大曲譜(1), 竜笛中小曲譜(1), 竜笛秘曲譜(1), 龍笛遠曲譜(1), 胡琴曲譜(1)"
翰譜,185,10,"藩翰譜(174), 続藩翰譜(2), 臣翰譜(2), 阿淡藩翰譜(1), 新撰藩翰譜(1), 校正藩翰譜(1), 医家藩翰譜(1), 安中藩翰譜(1), 雲上大年表要翰譜(1), 續藩翰譜(1)"
畫譜,183,91,"新鐫六言唐詩畫譜(9), 新鐫七言唐詩畫譜(8), 唐解元倣古今畫譜(8), 新鐫五言唐詩畫譜(8), 十竹齋書畫譜(6), 寒葉齋畫譜(5), 八種畫譜(4), 扶桑畫譜(4), 東溪畫譜(4), 宋紫石畫譜(4), 文鳳畫譜(4), 玄對畫譜(4), 倭人物畫譜(4), 大雅堂畫譜(3), 鶯邨畫譜(3), 光琳畫譜(3), 名人蘭竹畫譜(3), 百人一詩畫譜(3), 邊氏畫譜(3), 公長畫譜(3), 一蝶畫譜(3), 圓翁畫譜(3), 狂詩畫譜(3), 蕙齋畫譜(2), 畫譜(2), 英一蝶畫譜(2), 名數畫譜(2), 梅屋畫譜(2), 文晁畫譜(2), 文晁山水畫譜(2), 楠亭畫譜(2), 名家畫譜(2), 蘭齋畫譜(2), 人物畫譜(2), 北齋道中畫譜(2), 半山畫譜(2), 名家花鳥畫譜(1), 寒葉斎畫譜(1), 柳川畫譜(1), 小山畫譜(1), 北齋寫眞畫譜(1), 耳鳥齋畫譜(1), 類畫譜(1), 文川畫譜(1), 椿山畫譜(1), 介洞書畫譜(1), 菊池容齋畫譜(1), 草木畫譜(1), 對山畫譜(1), 日本風景畫譜(1), 名家合作地口畫譜(1), 三體畫譜(1), 竹堂畫譜(1), 后素畫譜(1), 伊孚九池大雅山水畫譜(1), 山水樹石畫譜(1), 朝鮮風俗畫譜(1), 手競畫譜(1), 唐詩五言畫譜(1), 唐詩七言畫譜(1), 唐觧元倣古今畫譜(1), 太閤記畫譜(1), 華山翁蘭竹畫譜(1), 書畫譜(1), 考古畫譜(1), 福善齋畫譜(1), 鳴門畫譜(1), 歴代名公畫譜(1), 探幽畫譜(1), 十竹齋畫譜(1), 海仙畫譜(1), 童觀詩畫譜(1), 狂歌冨士百景畫譜(1), 海陸道中畫譜(1), 敬輔畫譜(1), 蘭竹畫譜(1), 應擧畫譜(1), 文鳳山水畫譜(1), 頓智早席畫譜(1), 九峰堂畫譜(1), 素絢山水畫譜(1), 福善斎畫譜(1), 鵬斎先生畫譜(1), 閑林畫譜(1), 欽慕畫譜(1), 佩文斎書畫譜(1), 雲峰畫譜(1), 天保畫譜(1), 浮世畫譜(1), 融齋畫譜(1), 勝景眺望山水畫譜(1)"
禽譜,172,20,"禽譜(49), 錦窠禽譜(47), 水谷禽譜(26), 觀文禽譜(9), 啓蒙禽譜(7), 観文禽譜(7), 水禽譜(4), 不忍禽譜(4), 豊文禽譜(4), 梅園禽譜(2), 蘭山禽譜(2), 博物館禽譜(2), 雀巣庵禽譜(2), 類聚禽譜(1), 将翁軒百千鳥禽譜(1), 将翁軒禽譜(1), 薩摩禽譜(1), 栗氏禽譜(1), 山封水禽譜(1), 山封陸禽譜(1)"
略譜,170,113,"帝皇略譜(13), 薬草略譜(8), 催馬楽略譜(7), 御略譜(6), 時宗要略譜(5), 将軍略譜(3), 三鼓略譜(3), 御代々様略譜(3), 諸家略譜(2), 横笛略譜(2), 姉川合戦前後略譜(2), 長湫柳瀬合戦前後略譜(2), 鳳凰管要略譜(2), 後陽成院至桜町院皇子女略譜(2), 篳篥略譜(2), 鳳笙略譜(2), 芳烈公略譜(2), 竜笛要略譜(2), 関氏略譜(2), 伊達家略譜(2), 伊達氏歴代並公族略譜(2), 琵琶略譜(2), 大谷略譜(2), 肥前国画家略譜(2), 柳営略譜(2), 元亀年中公武略譜(1), 中山忠能略譜(1), 柳瀬合戦前後略譜(1), 胡絃略譜(1), 鳳笙譜胡絃略譜(1), 支那皇帝護宗略譜(1), 甲陽軍鑑合戦之巻略譜(1), 甲陽軍鑑略譜(1), 蘆声抄略譜(1), 右舞略譜(1), 異国往来略譜(1), 懐中略譜(1), 釈尊応世編年略譜(1), 可睡斎略譜(1), 皇統略譜(1), 徳川家旗章略譜(1), 支那歴代皇后略譜(1), 上杉略譜(1), 矛鑓起源略譜(1), 郢曲略譜(1), 長尾略譜(1), 近親得度者略譜(1), 證法格略譜(1), 伊達氏系譜付略譜(1), 箏略譜(1), 龍笛略譜(1), 神樂略譜(1), 歴代藩侯略譜(1), 左舞略譜(1), 三五略譜(1), 正山公略譜(1), 可睡斉略譜(1), 正志斎略譜(1), 長湫合戦前後略譜(1), 南朝伺候諸家略譜(1), 藩祖公略譜(1), 鳳凰管略譜(1), 鳳管要略譜(1), 鳳笙要略譜(1), 松平定綱略譜(1), 元春略譜(1), 幽谷先生略譜(1), 義経略譜(1), 楽翁公一代略譜(1), 竜笛略譜(1), 朗詠略譜(1), 赤松略譜(1), 稲荷神社神主家略譜(1), 宇佐美略譜(1), 鵜殿略譜(1), 大木氏略譜(1), 大小将略譜(1), 大洲家中略譜(1), 大友家略譜(1), 小笠原流伝統略譜(1), 越智松平略譜(1), 書家略譜(1), 公家略譜(1), 江家略譜(1), 皇族略譜(1), 後陽成天皇他三帝皇親略譜(1), 嵯峨二尊院略譜(1), 金剛峯寺検校略譜(1), 三身座主伝法得略譜(1), 島津家略譜(1), 釋尊應世編年略譜(1), 銃砲伝来録付種子島家略譜(1), 詩林姓名略譜(1), 真宗学統略譜(1), 瑞泉寺略譜(1), 西漢外戚略譜(1), 姓名略譜(1), 世尊寺家略譜(1), 摂家略譜(1), 絶家略譜(1), 惣検校略譜(1), 即身成仏義得略譜(1), 大永慶長年間略譜(1), 大聖寺藩御略譜(1), 代々天皇御世系略譜(1), 世臣略譜(1), 高野家略譜(1), 建部略譜(1), 断絶諸家略譜(1), 中絶再興公家略譜(1), 一如上人御近親略譜(1), 金府略譜(1), 本願寺代々略譜(1)"
琴譜,156,35,"琴譜(34), 八雲琴譜(25), 東皐琴譜(23), 和琴譜(16), 玉堂琴譜(11), 五知齋琴譜(7), 松風閣琴譜(3), 花月琴譜(3), 雅琴譜(3), 越琴譜(2), 青山琴譜(2), 重修正文音對捷要真伝琴譜(2), 神伝八雲琴譜(2), 水月居琴譜(2), 蕉庵琴譜(1), 新刊正文対音捷要琴譜(1), 一絃琴譜(1), 楽曲琴譜(1), 大還閣琴譜(1), 蒹葭堂琴譜(1), 五知斎琴譜(1), 月琴譜(1), 玉堂先生琴譜(1), 神傳八雲琴譜(1), 頌琴譜(1), 日本琴譜(1), 梅花楼琴譜(1), 観生居一絃琴譜(1), 山井流琴譜(1), 新撰八雲琴譜(1), 附笛譜和琴譜(1), 観生居月琴譜(1), 胡琴譜(1), 東皋琴譜(1), 明東皐禪師琴譜(1)"
宗譜,145,20,"蕭山傅氏宗譜(38), 洪洞劉氏宗譜(17), 蕭山何氏宗譜(13), 陽川孫氏宗譜(11), 全城章氏南徐派宗譜(9), 蕭山漁臨華氏宗譜(7), 古呉朱氏宗譜(7), 蕭山馬湖傅氏宗譜(6), 胡氏宗譜(6), 浙江湖州府歸安縣市鎭氏宗譜(5), 劉氏宗譜(5), 潤州曹氏重修宗譜(5), 大興邵氏宗譜(3), 重修邵氏宗譜(3), 朱氏宗譜(3), 松林朱氏宗譜(3), 瀋陽甘氏宗譜(1), 武林錢氏宗譜(1), 檗宗譜(1), 伊達政宗譜(1)"
楽譜,143,45,"雅楽譜(29), 楽譜(21), 魏氏楽譜(13), 新撰楽譜(8), 催馬楽譜(8), 神楽譜(6), 高麗楽譜(5), 蘇合香万秋楽譜(4), 漢画独楽譜(3), 神楽催馬楽譜(3), 皇帝破陣楽譜(2), 六調々子譜及催馬楽譜(2), 雙調曲及延喜楽譜(2), 十五名万秋楽譜(2), 正楽譜(2), 明清楽譜(2), 舞楽譜(2), 横笛楽譜(2), 雅楽楽譜(1), バイリオン楽譜(1), 琴楽譜(1), 蘇合香万秋楽宗明楽譜(1), 六調子曲及催馬楽高麗楽譜(1), 安楽塩承和楽十天楽譜(1), 太食調及催馬楽譜(1), 還城楽譜(1), 俗楽譜(1), 妓楽譜(1), 天王寺觱楽譜(1), 遠楽譜(1), 雅楽名調楽譜(1), 狛楽譜(1), 狛家雅楽伝授書並楽譜(1), 調子品及蘓香合万秋楽譜(1), 残楽譜(1), 万秋楽譜(1), 御田祭楽譜(1), 三輪流神道灌頂附楽譜(1), 琉球三絃楽譜(1), 正俗楽譜(1), 巫子舞神楽譜(1), 安名尊席田春庭楽回抔楽譜(1), 音楽譜(1), 古楽譜(1), 国楽譜(1)"
名譜,133,51,"江都金工名譜(17), 竜笛仮名譜(16), 清書画人名譜(9), 金工名譜(9), 大坂新町遊女名譜(8), 六調子曲仮名譜(6), 茶道具組合会釈器物名譜(4), 篳篥仮名譜(4), 高麗仮名譜(3), 金函名譜(3), 東西艸木名譜(2), 古人真蹟短冊名譜(2), 駿藩名譜(2), 蘇合香一具仮名譜(2), 蘇合香万秋楽仮名譜(2), 万秋楽仮名譜(2), 高麗楽仮名譜(2), 仮名譜(2), 全唐名譜(2), 龍笛假名譜(2), 清書畫人名譜(2), 清人書画人名譜(2), 遊女名譜(2), 春鶯囀万秋楽口伝仮名譜(1), 鳥破只拍子仮名譜(1), 承和楽打球楽仮名譜(1), 壱越調曲仮名譜(1), 大坂御城築之節御石垣御手伝諸大名衆名譜(1), 蘆声集仮名譜(1), 蘇合香萬秋楽假名譜(1), 国史姓名譜(1), 江戸金工名譜(1), 明人芸林名譜(1), 陶工名譜(1), 漆工名譜(1), 庄内金工名譜(1), 歌妓名譜(1), 祇園新地哥妓名譜(1), 畫史彙傳元明清人名譜(1), 高麗笛秘曲仮名譜(1), 長崎奉行歴代名譜(1), 笛仮名譜(1), 山井景晴唐楽篳篥仮名譜(1), 竜吟仮名譜(1), 竜笛大曲仮名譜(1), 四天王腕磨名譜(1), 公卿勅使奉幣参役名譜(1), 催馬楽笛附物仮名譜(1), 同名譜(1), 彫工名譜(1), 近世書画人名譜(1)"
竹譜,131,21,"竹譜(34), 桂園竹譜(26), 錦窠竹譜(17), 李用雲竹譜(16), 梅道人墨竹譜(7), 蘭竹譜(5), 日本竹譜(5), 賞奇軒墨竹譜(4), 上竹譜(3), 蒹葭堂竹譜(2), 墨竹譜(2), 渡辺崋山蘭竹譜(1), 東坡画竹譜(1), 宜陽殿竹譜(1), 冶梅竹譜(1), 呉照隠墨竹譜(1), 静軒竹譜(1), 長竹譜(1), 梁塵并糸竹譜(1), 畫竹譜(1), 佐竹譜(1)"
虫譜,126,12,"虫譜(39), 千虫譜(31), 栗氏千虫譜(21), 栗氏虫譜(12), 水谷虫譜(11), 大窪虫譜(3), 啓蒙虫譜(2), 豊文虫譜(2), 博物館虫譜(2), 丹洲虫譜(1), 栗本虫譜(1), 雀巣菴虫譜(1)"
銭譜,115,32,"西洋銭譜(22), 国家金銀銭譜(19), 寛永銭譜(15), 銭譜(8), 國家金銀銭譜(5), 古今金銀銭譜(4), 新渡大銭譜(4), 画銭譜(4), 新撰銭譜(4), 古銭譜(4), 西園蔵銭譜(3), 文昌堂銭譜(2), 黄白誌国家金銀銭譜(2), 対銭譜(1), 新撰寛永銭譜(1), 東西銭譜(1), 日本近代銭譜(1), 背文考銭譜(1), 常平通寶銭譜(1), 新摺銭譜(1), 新刻百銭譜(1), 金銀銭譜(1), 大正銭譜(1), 栄寿堂銭譜(1), 皇国古銭譜(1), 広古銭譜(1), 袖宝古銭譜(1), 重修銭譜(1), 珍銭譜(1), 通用銭譜(1), 異銭譜(1), 本朝古今金銀銭譜(1)"
菌譜,104,14,"菌譜(40), 錦窠菌譜(27), 信陽菌譜(9), 坂本浩然菌譜(9), 温故斎菌譜(5), 梅園菌譜(2), 蒹葭堂菌譜(2), 参考菌譜(2), 黴菌譜(2), 伊勢国朝明郡内菌譜(2), 伯林菌譜(1), 雀巣菌譜(1), 庶物写生菌譜(1), 増補菌譜(1)"
押譜,99,18,"花押譜(32), 古押譜(22), 群賢押譜(10), 名家押譜(8), 茶花押譜(5), 紫巌印章花押譜(4), 新編古押譜(4), 華押譜(3), 伊勢家花押譜(2), 茶入花押譜(1), 観世太夫花押譜(1), 郡賢押譜(1), 近代押譜(1), 観世大夫花押譜(1), 御役家花押譜(1), 旧華押譜(1), 佐竹家花押譜(1), 祖宗華押譜(1)"
族譜,94,27,"江都卞氏族譜(31), 毘陵沙氏族譜(7), 竹朱氏族譜(7), 芝陽王氏族譜(5), 休寧西門汪氏族譜(5), 明珍歴代族譜(5), 新田族譜(4), 梅氏族譜(3), 安定胡氏族譜(3), 伊達族譜(3), 武田族譜(2), 公族譜(2), 亘理家族譜(2), 伊達公族譜(2), 諸族譜(1), 狩野氏族譜(1), 渡辺氏族譜(1), 慶州金氏族譜(1), 羽族譜(1), 本藩歴譜同公族譜(1), 赤松宇野春名氏族譜(1), 赤松氏族譜(1), 赤松族譜(1), 衣笠氏族譜(1), 親族譜(1), 族譜(1), 田中氏族譜(1)"
圖譜,89,38,"宋淳煕敕編古玉圖譜(18), 塡詞圖譜(8), 本草圖譜(6), 萬象寫眞圖譜(5), 本草綱目啓蒙圖譜(4), 百合圖譜(3), 昆蟲圖譜(3), 求古圖譜(3), 名山圖譜(3), 園籬圖譜(2), 新渡花葉圖譜(2), 佐渡國物産圖譜(2), 丹鶴圖譜(2), 雪齋運金圖譜(2), 伊豆七島圖譜(2), 更紗圖譜(2), 十六式圖譜(1), 英國板鰓魚類圖譜(1), 動物圖譜(1), 玉石圖譜(1), 填詞圖譜(1), 越後國植物寫生圖譜(1), 鹿角圖譜(1), 東洋美術圖譜(1), 圖譜(1), 幾何初步圖譜(1), 写真花魚圖譜(1), 萬象寫真圖譜(1), 歴史參考集古圖譜(1), 卷附後藤家代々銘判圖譜(1), 唇舌圖譜(1), 解體新書圖譜(1), 觧部篇圖譜(1), 萬國旗章圖譜(1), 唐土渡鳥圖譜(1), 草木花實寫眞圖譜(1), 蟲豸圖譜(1), 太閤記圖譜(1)"
知譜,89,4,"諸家知譜(59), 改正増補諸家知譜(26), 改正增補諸家知譜(3), 増補諸家知譜(1)"
芳譜,87,6,"二如亭群芳譜(59), 浪華擷芳譜(19), 浪花擷芳譜(4), 秋芳譜(3), 二汝亭群芳譜(1), 桂杏聯芳譜(1)"
笛譜,74,33,"笛譜(14), 横笛譜(12), 竜笛譜(8), 龍笛譜(4), 秦曲笛譜(3), 唐音和解音曲笛譜(3), 大曲蘇合香竜笛譜(2), 森田流外能楽笛譜(2), 高麗笛譜(2), 合竜笛譜(1), 団乱旋校合竜笛譜(1), 皇帝破陣楽団乱旋竜笛譜(1), 森田流笛譜(1), 催馬楽曲笛譜(1), 辻家笛譜(1), 長笛譜(1), 鼓笛譜(1), 狛楽笛譜(1), 高麗曲笛譜(1), 狛笛譜(1), 箏笛譜(1), 新撰笙笛譜(1), 蘇合香横笛譜(1), 長秋宮横笛譜(1), 比巴笛譜(1), 舞楽用笛譜(1), 一節切笛譜(1), 鳳笙竜笛譜(1), 鳳笛譜(1), 万歳楽只拍子笛譜(1), 古樂龍笛譜(1), 高麗龍笛譜(1), 英国鼓笛譜(1)"
世譜,74,40,"中山世譜(13), 正燈世譜(10), 竜宝山大徳禅寺世譜(6), 武口王氏統宗世譜(4), 世譜(3), 歴代世譜(2), 伊達世譜(2), 越前世譜(2), 禅燈世譜(1), 菅廟世譜(1), 竜宝山大徳禅寺前住世譜(1), 慶州李氏世譜(1), 龍宝山大徳禅寺世譜(1), 増補正燈世譜(1), 増補正灯世譜(1), 藤原有馬世譜(1), 内題仁同氏世譜(1), 李王家世譜(1), 袖中正灯世譜(1), 左伝世譜(1), 真如院世譜(1), 豊城世譜(1), 横川堂舎并各坊世譜(1), 秋元世譜(1), 越前家御世譜(1), 鎌宝蔵院世譜(1), 蒙古世譜(1), 高源世譜(1), 山下氏世譜(1), 西塔堂舎并各坊世譜(1), 三韓世譜(1), 支桑五家要略世譜(1), 宇野家系世譜(1), 住持世譜(1), 親族世譜(1), 増上寺世譜(1), 大統世譜(1), 大徳寺嗣世譜(1), 津山系図并世譜(1), 土伯特世譜(1)"
泉譜,70,23,"和漢稀世泉譜(16), 月旦衆評泉譜(11), 明治新撰泉譜(9), 対泉譜(5), 新撰寛永泉譜(4), 泉譜(4), 古泉譜(3), 和漢古今稀世泉譜(2), 對泉譜(2), 文昌堂泉譜(1), 百泉譜(1), 宝丹翁追弔泉譜(1), 月旦古泉譜(1), 明治新撰寛永泉譜(1), 和漢古稀世泉譜(1), 常平泉譜(1), 寶丹翁追弔泉譜(1), 青柳館藏泉譜(1), 温泉譜(1), 新撰泉譜(1), 西洋鉱泉譜(1), 青柳館蔵泉譜(1), 香雪精舎百泉譜(1)"
箏譜,64,23,"吾嬬箏譜(20), 箏譜(13), 吾妻箏譜(6), 催馬楽箏譜(3), 奏箏譜(2), 倭舞箏譜(2), 本朝箏譜(2), 楽箏譜(1), 万秋楽箏譜(1), 八雲箏譜(1), 秦箏譜(1), 高麗曲箏譜(1), 高麗箏譜(1), 新撰箏譜(1), 蘇合箏譜(1), 笛箏譜(1), 鳳箏譜(1), 鳳鳴抄付箏譜(1), 万歳楽只拍子箏譜(1), 輪説箏譜(1), 篳篥箏譜(1), 筑紫流箏譜(1), 催馬樂箏譜(1)"
公譜,63,29,"直茂公譜(10), 勝茂公譜(8), 公譜(7), 鍋島直茂公譜(3), 光茂公譜(3), 齊直公譜(3), 常憲公譜(2), 有章公譜(2), 有徳公譜(2), 浚明公譜(2), 南竜公譜(2), 鍋嶋直茂公譜(2), 東照公譜(1), 台徳公譜(1), 大猷公譜(1), 厳有公譜(1), 文昭公譜(1), 惇信公譜(1), 慎徳公譜(1), 利胤公譜(1), 直正公譜(1), 加陽公譜(1), 綱茂公吉茂公宗茂公譜(1), 泰巖公譜(1), 直能公譜(1), 細川忠興公譜(1), 吉茂公譜(1), 鍋島勝茂公譜(1), 親氏公譜(1)"
本譜,63,7,"錦窠禾本譜(51), 御写本譜(6), 御寫本譜(2), 春鶯囀万秋楽本譜(1), 篳篥本譜(1), 風俗篳篥本譜(1), 竜笛本譜(1)"
通譜,61,4,"八旗氏族通譜(32), 八旗滿洲氏族通譜(25), 中茘枝通譜(3), 書法貫通譜(1)"
笙譜,60,24,"鳳笙譜(28), 笙譜(8), 楽曲考鳳笙譜(3), 笙蘇合香笙譜(1), 春鶯囀鳳笙譜(1), 竜笛鳳笙譜(1), 遂笙譜(1), 撰定外鳳笙譜(1), 撰定鳳笙譜(1), 蘇合香一具鳳笙譜(1), 蘇合香笙譜(1), 豊原量秋鳳笙譜(1), 豊原繁秋鳳笙譜(1), 豊原竜秋鳳笙譜(1), 豊原幸秋鳳笙譜(1), 林家鳳笙譜(1), 林広猶懐中笙譜(1), 舞楽用鳳笙譜(1), 万秋楽笙譜(1), 万秋楽鳳笙譜(1), 羅陵王荒序笙譜(1), 蘭陵王荒序鳳笙譜(1), 黄鐘調笙譜(1), 更衣笙譜(1)"
御譜,55,21,"善御譜(11), 御譜(11), 大坪本流善御譜(10), 帝王御譜(3), 琵琶御譜(2), 大坪本流常術善御譜(2), 奥津川通定式川除御譜(2), 組々御譜(1), 東照大権現御譜(1), 十分一御録千石被仰蒙御残御譜(1), 大坪流善御譜(1), 松平光悌君御譜(1), 阿淡御両国御譜(1), 宇都宮御譜(1), 大坪本流常馭善御譜(1), 大手御門御譜(1), 三州御譜(1), 総州家御譜(1), 田安家御譜(1), 通霄公御譜(1), 奥津川通当子春内郷御定式川除御譜(1)"
雪譜,53,5,"北越雪譜(46), 富岳雪譜(2), 雪譜(2), 初学天文指南並雪譜(2), 越後国雪譜(1)"
之譜,53,35,"和歌披講之譜(3), 散楽肩鼓之譜(3), 笛之譜(3), 血脈道統之譜(2), 諸門跡之譜(2), 和琴之譜(2), 折下外記先祖并武功之譜(2), 鳳笙五十五曲之譜(2), 三五之譜(2), 安永五年御田楽祝詞之次第笛之譜(2), 能管之譜(2), 笙之譜(2), 横笛之譜(2), 篳篥之譜(2), 印可秘曲之譜(2), 和歌師資相伝正統血脈道統之譜(1), 安心血脈之譜(1), 神国和歌師資相伝正流血脉道統之譜(1), 神楽篳篥之譜(1), 龍笛之譜(1), 天至之譜(1), 御家中古今之譜(1), 松平陸奥守綱村家中騷動之譜(1), 笛鼓之譜(1), 蘇合香羯鼓之譜(1), 尚久主一流歴代之譜(1), 竜笛之譜(1), 吉川之譜(1), 皇国史講義改正伝統門人之譜(1), 市川佰莚之譜(1), 天真流貝之譜(1), 春日山之譜(1), 折下外記先祖幷武功之譜(1), 祝詞之次第笛之譜(1), 松平陸奥守綱村家中騒動之譜(1)"
蘭譜,52,12,"松葉蘭譜(15), 幽蘭譜(11), 錦窠蘭譜(9), 蘭譜(4), 松蘭譜(3), 虚霊堂蘭譜(2), 宋紫石蘭譜(2), 墨蘭譜(2), 鴎蘭譜(1), 陳愚谿蘭譜(1), 竹蘭譜(1), 洗雲亭蘭譜(1)"
八譜,52,4,"目八譜(49), 尺八譜(1), 新刻古今玄機消長八譜(1), 五常楽急早八拍子拍子八譜(1)"
野譜,52,5,"救荒野譜(34), 巻救荒野譜(9), 佐野譜(7), 救荒啓蒙野譜(1), 附救荒野譜(1)"
雅譜,52,7,"撫箏雅譜(33), 増訂撫箏雅譜(6), 清風雅譜(6), 撫筝雅譜(3), 新葉雅譜(2), 琴曲洋峨撫箏雅譜(1), 清樂曲牌雅譜(1)"
秘譜,49,35,"竜笛秘譜(3), 御文庫之秘譜(2), 鳳鼓秘譜(2), 葭笛秘譜(2), 浪曲秘譜(2), 朗詠秘譜(2), 三曲秘譜(2), 琵琶懐中秘譜(2), 三五秘譜(2), 有俊卿催馬楽秘譜(2), 人長舞曲秘譜(2), 箏曲秘譜(2), 琵琶弾法口伝秘譜(2), 苗城秘譜(1), 雲雷秘譜(1), 和琴調子秘譜(1), 浄名院琵琶説秘譜(1), 鳳鳴秘譜(1), 秘譜(1), 五調郢曲秘譜(1), 還城楽秘譜(1), 郢曲秘譜(1), 神楽歌秘譜(1), 三五之秘譜(1), 神楽和琴秘譜(1), 鳳笙管弦之秘譜(1), 鳳笙秘譜(1), 鳳笙呂律秘譜(1), 万秋楽秘譜(1), 明楽秘譜(1), 羅陵王荒序舞秘譜(1), 大坪流手綱之秘譜(1), 龍笛序遠曲秘譜(1), 島津秘譜(1), 津軽秘譜(1)"
石譜,43,17,"石譜(16), 檀森斎石譜(6), 会津石譜(3), 漢画石譜(2), 素園石譜(2), 檀森齋石譜(2), 産物石譜(2), 治梅石譜(1), 雲林石譜(1), 瀟々亭石譜(1), 唐本草石譜(1), 御嶽石譜(1), 貝化石譜(1), 小野蘭山石譜(1), 集古金石譜(1), 諸国産石譜(1), 石亭石譜(1)"
鳥譜,42,13,"新鐫木本花鳥譜(10), 百花鳥譜(7), 鳥譜(7), 華鳥譜(3), 長洲鳥譜(3), 諸鳥譜(3), 薩摩鳥譜(2), 渡鳥譜(2), 百鳥譜(1), 和漢鳥譜(1), 和漢花鳥譜(1), 和漢養鳥譜(1), 獣鳥譜(1)"
吉譜,41,3,"豊臣秀吉譜(38), 豐臣秀吉譜(2), 藤堂高吉譜(1)"
算譜,39,3,"社盟算譜(26), 順天堂算譜(12), 方寸堂算譜(1)"
菊譜,38,7,"菊譜(16), 百菊譜(14), 園百菊譜(2), 酈園百菊譜(2), 扶桑百菊譜(2), 楳菊譜(1), 秋菊譜(1)"
歌譜,38,24,"歌譜(6), 神樂歌譜(3), 神楽歌譜(2), 鳥名子舞歌譜(2), 倭舞歌譜並大嘗会田舞歌譜(2), 唱歌譜(2), 明清樂歌譜(2), 喪儀歌譜(2), 踊歌譜(2), 大和舞歌譜(1), 催馬樂朗詠歌譜(1), 並東遊諸歌譜(1), 倭舞歌譜(1), 幼稚園保育唱歌譜(1), 来目歌譜(1), 京劇歌譜(1), 内宮御田祭歌譜(1), 内侍所御神楽歌譜(1), 鸚歌譜(1), 踏歌譜(1), 日光東遊諸歌譜(1), 尾張国一宮真清田太神宮神楽歌譜(1), 琴歌譜(1), グレゴリオ聖歌譜(1)"
性譜,38,1,草木性譜(38)
案譜,34,23,"朗詠案譜(6), 竜笛案譜(2), 催馬楽附物案譜(2), 箏案譜(2), 打物案譜(2), 案譜(2), 龍笛仮名案譜(2), 皇帝私案譜(1), 本朝琵琶案譜(1), 左方舞曲案譜(1), 竜笛仮名案譜(1), 篳篥仮名案譜(1), 胡飲酒舞案譜(1), 神楽歌案譜(1), 催馬楽案譜(1), 郢曲案譜(1), 栗仮名案譜(1), 龍笛案譜(1), 龍笛假名案譜(1), 残楽案譜(1), 琵琶引方案譜(1), 舞曲案譜(1), 篳篥案譜(1)"
工譜,34,3,"鏨工譜(30), 鞍鐙工譜(3), 本朝画工譜(1)"
樹譜,33,2,"金生樹譜(32), 諸国高名松樹譜(1)"
研譜,32,7,"和漢研譜(19), 高氏研譜(4), 古研譜(3), 茅氏研譜(3), 留真研譜(1), 靖斎研譜(1), 研譜(1)"
茶譜,32,8,"梅山種茶譜(11), 茶譜(8), 銕荘茶譜(5), 黒田公山茶譜(3), 巻茶譜(2), 石公中郎先生茶譜(1), 明普安鄭煾茶譜(1), 山茶譜(1)"
長譜,32,3,"織田信長譜(29), 信長譜(2), 人長譜(1)"
樂譜,31,14,"催馬樂譜(7), 魏氏樂譜(4), 樂譜(4), 明清樂譜(3), 漢画獨樂譜(2), 神樂譜(2), 神樂催馬樂譜(2), 西秦樂譜(1), 秘曲明清樂譜(1), 月琴樂譜(1), 主旋律樂譜(1), 西洋樂譜(1), 支那音樂譜(1), 龍穏館樂譜(1)"
瓦譜,31,5,"古瓦譜(23), 仏刹古瓦譜(4), 瓦譜(2), 鎌倉古瓦譜(1), 讃岐国古瓦譜(1)"
物譜,31,12,"大窪動物譜(12), 食物譜(4), 催馬楽附物譜(4), 打物譜(2), 郢曲附物譜(2), 竹洞山人人物譜(1), 博物譜(1), 沖縄諸島植物譜(1), 伽陀附物譜(1), 狛氏打物譜(1), 蘇合一具撃物譜(1), 蘇合香一具笛撃物譜(1)"
音譜,31,10,"東音譜(18), 残楽助音譜(3), 国音譜(2), 竜音譜(2), 催馬楽及将律音譜(1), 七音譜(1), 異言音譜(1), 太和正音譜(1), 卷東音譜(1), 鳳音譜(1)"
子譜,30,16,"弘法大師弟子譜(10), 竜笛延只拍子譜(3), 撥合調子譜(2), 万歳楽鳥破只拍子譜(2), 菓子譜(2), 両只拍子譜(1), 唐菓子譜(1), 中絃只拍子譜(1), 融斎四君子譜(1), 雙調水調盤渉調撥合調子譜(1), 豊原胖秋鳳笙只拍子譜(1), 南竹臨調子譜(1), 毛利氏公子譜(1), 公子譜(1), 郁子譜(1), 官子譜(1)"
舞譜,29,21,"陵王舞譜(3), 採桑老舞譜(3), 右舞譜(3), 左舞譜(2), 舞譜(2), 輪台青海波舞譜(1), 蘓草者舞譜(1), 胡飲酒舞譜(1), 還城楽舞譜(1), 左方舞譜(1), 抜頭還城楽芝家伝来舞譜(1), 林家右舞譜(1), 林東儀立合右舞譜(1), 林広貫右舞譜(1), 万穐楽秘譜并採桑老舞譜(1), 倭歌并巫子舞譜(1), 大和舞譜(1), 悠紀主基風俗神楽歌舞譜(1), 安摩陵王舞譜(1), 狂言小舞譜(1), 還城楽右舞譜(1)"
篥譜,28,11,"篳篥譜(15), 觱篥譜(3), 高麗篳篥譜(2), 皇帝破陣楽団乱旋篳篥譜(1), 高麗觱篥譜(1), 催馬楽篳篥譜(1), 天王寺篳篥譜(1), 百曲篳篥譜(1), 舞楽用篳篥譜(1), 万秋楽篳篥譜(1), 神楽篳篥譜(1)"
菜譜,27,3,"諸菜譜(17), 菜譜(9), 救荒菜譜(1)"
歯譜,27,1,錦窠羊歯譜(27)
琶譜,27,7,"琵琶譜(20), 伏見宮琵琶譜(2), 孝道朝臣自筆琵琶譜(1), 催馬楽琵琶譜(1), 六調子琵琶譜(1), 林広貫琵琶譜(1), 藤原定輔琵琶譜(1)"
木譜,26,14,"草木譜(5), 沖縄県下先島草木譜(3), 霧島山艸木譜(2), 夏木譜(2), 啄木譜(2), 北蝦夷草木譜(2), 遠西独度涅烏斯草木譜(2), 香山草木譜(2), 石上流泉上原石上流泉啄木譜(1), 独度涅烏斯草木譜(1), 沖縄県下沖縄島草木譜(1), 鹿児島県草木譜(1), 木譜(1), 卉木譜(1)"
脈譜,26,20,"円頓戒脈譜(4), 越前家分脈譜(3), 西山正流本山義伝燈血脈譜(2), 内証仏法相承血脈譜(1), 古今和歌集師資相承血脈譜(1), 伝法四箇脈譜(1), 叡山血脈譜(1), 応永三十五年以来灌頂脈譜(1), 悉曇血脈譜(1), 山家相承経旨深義脈譜(1), 三国伝来血脈譜(1), 遮那業血脈譜(1), 遮那業相承血脈譜(1), 浄源脈譜(1), 大師西院血脈譜(1), 達磨大師付法相承師々血脈譜(1), 嫡家相承脈譜(1), 天台法華宗相承血脈譜(1), 魚山声曲血脈譜(1), 古今集師資相承血脈譜(1)"
鼓譜,25,12,"太鼓譜(5), 三鼓譜(4), 鼓譜(4), 五鼓譜(2), 西洋行軍鼓譜(2), 小金原御狩太鼓譜(2), 神歌肩鼓譜(1), 吉備楽太鼓譜(1), 笙笛並大鼓譜(1), 卷鼓譜(1), 謡本鼓譜(1), 謙信流太鼓譜(1)"
氏譜,23,19,"伊達氏譜(2), 小田氏譜(2), 初鎧源氏譜(2), 江州今津之城主村上氏譜(2), 釈迦氏譜(1), 氏譜(1), 平山申氏譜(1), 平氏譜(1), 大掾氏譜(1), 小田氏譜付笠間氏譜(1), 笠間氏譜(1), 江戸氏譜(1), 常陸平氏譜(1), 今川氏譜(1), 大伴氏佐伯氏阿刀氏譜(1), 佐竹氏譜(1), 大般涅槃経首楞厳経方誌釈迦氏譜(1), 多多良氏譜(1), 倭朝姓氏譜(1)"
王譜,23,5,"帝王譜(18), 歴代帝王譜(2), 狛近真陵王譜(1), 陵王破新羅陵王譜(1), 中朝歴代帝王譜(1)"
艶譜,23,2,"廓中艶譜(13), 葵氏艶譜(10)"
躅譜,23,2,"躑躅譜(21), 一白圃躑躅譜(2)"
墨譜,23,9,"古梅園墨譜(10), 桂花園墨譜(4), 方氏墨譜(2), 朗詠墨譜(2), 筆墨譜(1), 紙筆墨譜(1), 伯耆大山引声墨譜(1), 和歌披講並郢曲墨譜(1), 綾小路俊賀今様墨譜(1)"
新譜,23,7,"箏曲新譜(7), 格五新譜(4), 井家新譜(4), 将棋新譜(3), 格語新譜(2), 八戸諸士古新譜(2), 格吾新譜(1)"
介譜,22,8,"日本介譜(6), 梅園介譜(4), 介譜(3), 吉田平九郎先生介譜(2), 啓蒙介譜(2), 諸介譜(2), 博物館介譜(2), 遠山氏介譜(1)"
南譜,22,8,"暗射指南譜(10), 万国暗射図指南譜(3), 萬國暗射圖指南譜(2), 日本全圖暗射指南譜(2), 宮城暗射図指南譜(2), 万国暗射指南譜(1), 南譜(1), 日本全図暗射指南譜(1)"
草譜,21,11,"煙草譜(5), 雑草譜(4), 野草譜(2), 山草譜(2), 湿草譜(2), 竹園草木図譜海草譜(1), 桜草譜(1), 瞿麦草譜(1), 伊豆本草譜(1), 越中立山山草譜(1), 草譜(1)"
梅譜,21,6,"韻勝園梅譜(8), 梅譜(7), 雪下園画梅譜(3), 花魁園梅譜(1), 画学斎梅譜(1), 雪下園畫梅譜(1)"
韻譜,20,10,"許氏説文解字五音韻譜(5), 説文解字韻譜(3), 韻譜(3), 説文觧字韻譜(2), 重刊許氏説文解字五音韻譜(2), 古韻譜(1), 説文解字篆韻譜(1), 顧氏玉篇韻譜(1), 説文解字五音韻譜(1), 応師衆経音義韻譜(1)"
棋譜,20,9,"広象棋譜(6), 唐山象棋譜(6), 廣象棋譜(2), 天保年間棋譜(1), 源吉棋譜(1), 竹林亭棋譜(1), 享和年間名家棋譜(1), 雪亭棋譜(1), 棋譜(1)"
扇譜,20,5,"張白雲選名公扇譜(9), 李院扇譜(7), 名公扇譜(2), 売扇庵扇譜(1), 能舞扇譜(1)"
録譜,20,5,"竜笛要録譜(14), 秦箏要録譜(3), 龍笛要録譜(1), 注大家龍笛要録譜(1), 注大家竜笛要録譜(1)"
款譜,20,8,"天瓢斎書画落款譜(6), 紫川館蔵書画落款譜(5), 歴朝名公款譜(3), 明清書画款譜(2), 名家款譜(1), 対山人款譜(1), 落款譜(1), 紫山館蔵書画落款譜(1)"
蟲譜,19,4,"千蟲譜(8), 大窪蟲譜(7), 蟲譜(3), 魚蟲譜(1)"
貝譜,19,3,"魚貝譜(16), 貝譜(2), 諸貝譜(1)"
紙譜,19,3,"紙譜(17), 草双紙褾紙譜(1), 震旦紙譜(1)"
書譜,19,11,"書譜(6), 続書譜(3), 孫氏書譜(2), 定本正続書譜(1), 佩文齋書譜(1), 梧竹堂書譜(1), 石渠閣新訂名公書譜(1), 孫過庭書譜(1), 鴻寳堂書譜(1), 歴代御書譜(1), 読書譜(1)"
古譜,18,15,"横笛古譜(2), 鳳笙古譜(2), 御家中新古譜(2), 神楽催馬楽和琴古譜(1), 秦箏古譜(1), 春鶯囀琵琶古譜(1), 催馬楽笛古譜(1), 朝倉蛬古譜(1), 右舞古譜(1), 古譜(1), 称名寺声明古譜(1), 鳳管古譜(1), 倭舞古譜(1), 竜笛古譜(1), 朗詠古譜(1)"
伝譜,18,11,"無間鐘梅枝伝譜(7), 初伝譜(2), 短笛秘伝譜(1), 梅枝伝譜(1), 雲上新家伝譜(1), 開山伝譜(1), 家伝譜(1), 中院流附法諸祖伝譜(1), 円光大師略伝譜(1), 品川鯨児三叉水虎無間鐘梅枝伝譜(1), 名産梅枝伝譜(1)"
医譜,17,6,"医譜(7), 求古館医譜(5), 日本医譜(2), 救古館医譜(1), 和漢鍼医譜(1), 高階医譜(1)"
参譜,17,1,人参譜(17)
小譜,17,6,"南山小譜(9), 波臣小譜(4), 燕蘭小譜(1), 海區小譜(1), 雲箋小譜(1), 海外貨幣小譜(1)"
方譜,17,10,"求古館方譜(3), 帰黙斎方譜(2), 国字類聚略方譜(2), 医聖書院合薬房略方譜(2), 御裏方譜(2), 國字類聚畧方譜(2), 合薬房方譜(1), 製薬房方譜(1), 徳生軒内科方譜(1), 含菜房方譜(1)"
硯譜,16,5,"硯譜(8), 和漢硯譜(3), 必端堂硯譜(2), 古硯譜(2), 古今名硯譜(1)"
蟹譜,16,3,"錦窠蟹譜(11), 蟹譜(4), 諸蟹譜(1)"
人譜,16,7,"偶人譜(5), 劉氏人譜(5), 人譜(2), 藩政改革残人譜(1), 周誉上人譜(1), 全誉上人譜(1), 立会養子婚姻役介人譜(1)"
迦譜,16,3,"大日本撰釋迦譜(6), 釈迦譜(6), 釋迦譜(4)"
面譜,16,4,"仮面譜(13), 假面譜(1), 諸家仮面譜(1), 観世家伝仮面譜(1)"
嶋譜,16,1,粟嶋譜(16)
正譜,15,6,"北詞広正譜(10), 一笠菴北詞廣正譜(1), 神路正譜(1), 臼井正譜(1), 国公正譜(1), 正燈正譜(1)"
真譜,14,5,"江増写真譜(8), 大成写真譜(3), 真譜(1), 善本留真譜(1), 草木真譜(1)"
臣譜,14,4,"森寺藩臣譜(11), 大洲寛延藩臣譜(1), 臣譜(1), 世臣譜(1)"
筆譜,14,7,"米庵蔵筆譜(8), 大神景光自筆譜(1), 米菴藏筆譜(1), 百筆譜(1), 米庵藏筆譜(1), 米菴先生蔵筆譜(1), 米庵先生蔵筆譜(1)"
按譜,14,6,"管絃按譜(4), 琵琶按譜(3), 舞按譜(2), 左舞按譜(2), 左方舞曲按譜(2), 管弦按譜(1)"
字譜,13,11,"活板大字譜(3), 東國古活字譜(1), 合字譜(1), 皇帝破陣楽団乱旋国字譜(1), 国字譜(1), 訓蒙字譜(1), 宋元以來俗字譜(1), 字譜(1), 八十八曲竜笛仮字譜(1), 嫺古字譜(1), 重訂合聲簡字譜(1)"
皷譜,13,6,"皷譜(7), 万歳楽以下只拍子譜并三皷譜(2), 羯皷譜(1), 鞨皷譜(1), 鉦皷譜(1), 両皷譜(1)"
香譜,13,4,"蘇合香譜(6), 香譜(5), 岩田流香譜(1), 大東香譜(1)"
籠譜,13,1,印籠譜(13)
勝譜,13,3,"松島勝譜(8), 鹽松勝譜(3), 塩松勝譜(2)"
獣譜,12,7,"観文獣譜(5), 物識獣譜(2), 獣譜(1), 博物館獣譜(1), 異魚奇獣譜(1), 海獣譜(1), 紫藤園獣譜(1)"
史譜,12,1,史譜(12)
国譜,12,7,"治国譜(4), 列国譜(3), 春秋列国譜(1), 日向之国譜(1), 国譜(1), 中国譜(1), 日向国譜(1)"
藩譜,12,4,"藩譜(9), 吾藩譜(1), 近江中将殿藩譜(1), 佐土原藩譜(1)"
錢譜,12,8,"新渡大錢譜(3), 國家金銀錢譜(2), 新撰錢譜(2), 朝鮮常平通寶錢譜(1), 畫錢譜(1), 再版袖寶古錢譜(1), 袖寶古錢譜(1), 錢譜(1)"
支譜,12,3,"平陽汪氏九十一世支譜(6), 京江睦氏支譜(3), 汪氏支譜(3)"
営譜,12,1,柳営譜(12)
苑譜,12,3,"芸苑譜(9), 柳花苑譜(2), 藝苑譜(1)"
徳譜,12,5,"直茂公三徳譜(7), 三徳譜(2), 貴徳譜(1), 書三徳譜(1), 性公大徳譜(1)"
俳譜,12,10,"雪登齋点俳譜(2), 日本俳譜(2), 点取俳譜(1), 当時名家新俳譜(1), 宗因俳譜(1), 千歳点俳譜(1), 沾山点俳譜(1), 南無俳譜(1), 仙果点俳譜(1), 去留点俳譜(1)"
詩譜,12,2,"新鐫草本花詩譜(10), 卷坿詩譜(2)"
日譜,11,7,"北行日譜(3), 地他日譜(2), 梁麗日譜(2), 日譜(1), 文久元治年間日譜(1), 文化年間藩侯日譜(1), 太平日譜(1)"
橘譜,11,3,"桂園橘譜(7), 橘譜(3), 柑橘譜(1)"
桜譜,11,1,桜譜(11)
筒譜,11,1,封筒譜(11)
薬譜,11,7,"日本諸州薬譜(3), 和蘭薬譜(2), 木曾薬譜(2), 会薬譜(1), 行蔵居薬譜(1), 佐渡島採薬譜(1), 西洋薬譜(1)"
濟譜,11,1,康濟譜(11)
代譜,11,9,"播磨国竜野城主歴代譜(2), 甲斐歴代譜(2), 歴代譜(1), 南部歴代譜(1), 黄檗逓代譜(1), 三代譜(1), 瑞聖逓代譜(1), 増上寺世代譜(1), 喜多院世代譜(1)"
巌譜,11,1,紫巌譜(11)
詞譜,11,6,"聲光詞譜(4), 観生居月琴詞譜(2), 月琴詞譜(2), 声光詞譜(1), 清樂詞譜(1), 欽定詞譜(1)"
興譜,10,4,"投扇興譜(5), 忠興譜(3), 鳥居家中興譜(1), 細川忠興譜(1)"
生譜,10,4,"四生譜(5), 草木写生譜(3), 翠渓先生譜(1), 万年生譜(1)"
畧譜,10,7,"甲陽軍鑑合戦之巻畧譜(3), 帝皇畧譜(2), 源氏畧譜(1), 大谷畧譜(1), 唐朝畧譜(1), 肥陽丗家畧譜(1), 藥草畧譜(1)"
調譜,10,8,"爪調譜(2), 蘇合香及黄鐘調盤渉調譜(2), 篳篥箏平調譜(1), 平調黄鐘調太食調譜(1), 鳳笙調譜(1), 烈公御作古言調譜(1), 古言調譜(1), 明楽歌声腔調譜(1)"
ノ譜,10,5,"笙ノ譜(5), 琵琶ノ譜(2), 笙回向付物ノ譜(1), 和琴楽ノ譜(1), 石蔛蘭ノ譜(1)"
四譜,10,2,"新鐫梅竹蘭菊四譜(9), 梅竹蘭菊四譜(1)"
埜譜,10,2,"救荒埜譜(9), 佐埜譜(1)"
蓮譜,9,3,"白川侯蓮譜(4), 西園蓮譜(4), 蓮譜(1)"
蕈譜,9,5,"西園蕈譜(3), 菌蕈譜(2), 蕈譜(2), 呉蕈譜(1), 仙台蕈譜(1)"
碁譜,9,5,"碁譜(5), 当世碁譜(1), 道策門人碁譜(1), 宝暦碁譜(1), 御城碁譜(1)"
葉譜,9,3,"霜葉譜(4), 古今紅葉譜(3), 森野桂叢草木葉譜(2)"
管譜,9,4,"鳳管譜(6), 加管譜(1), 竜管譜(1), 蘆管譜(1)"
器譜,9,1,神器譜(9)
宮譜,9,5,"後宮譜(5), 青蓮院宮譜(1), 神武天皇後宮譜(1), 南宮譜(1), 征西大将軍宮譜(1)"
金譜,8,2,"金譜(7), 永松堂金譜(1)"
合譜,8,5,"百合譜(3), 諸調子品橃合譜(2), 糸竹合譜(1), 五十三楽糸竹合譜(1), 笙絃合譜(1)"
銘譜,8,3,"新刀銘譜(4), 刀茎銘譜(2), 大成銘譜(2)"
包譜,8,2,"南海包譜(6), 増訂南海包譜(2)"
屋譜,8,2,"纐纈紺屋譜(6), 地本錦絵問屋譜(2)"
明譜,8,3,"声明譜(6), 常行堂声明譜(1), 大明譜(1)"
点譜,8,6,"乎古止点譜(2), 俳諧点譜(2), 諸家俳諧点譜(1), 乎古登点譜(1), 於古登点譜(1), 遠古登点譜(1)"
牌譜,8,4,"詩牌譜(4), 新鐫詩牌譜(2), 素書骨牌譜(1), 名世類苑引用書目並詩牌譜(1)"
仮譜,8,7,"魚山仮譜(2), 声明仮譜(1), 声明并伽陀仮譜(1), 常楽会法則博士習所仮譜(1), 南山日輪院良辨闍梨書伽陀仮譜(1), 魚山集仮譜(1), 魚山蠆芥集仮譜(1)"
胤譜,7,1,南朝皇胤譜(7)
青譜,7,2,"万年青譜(6), 金生樹譜万年青譜(1)"
顔譜,7,2,"朝顔譜(5), 丁丑朝顔譜(2)"
跡譜,7,3,"諸門跡譜(5), 摂家御門跡譜(1), 続諸門跡譜(1)"
上譜,7,5,"雲上譜(2), 席上譜(2), 青山御流活花席上譜(1), 青山御流席上譜(1), 挿花席上譜(1)"
要譜,7,5,"竜笛枢要譜(2), 郢曲要譜(2), 觱篥要譜(1), 竜笛要譜(1), 朗詠要譜(1)"
師譜,7,5,"歴代大仏師譜(3), 鐙師譜(1), 普照国師譜(1), 茶碗師譜(1), 歴代大佛師譜(1)"
旗譜,7,4,"外蕃旗譜(4), 増補万国旗譜(1), 外国旗譜(1), 西洋旗譜(1)"
私譜,7,7,"声明私譜(1), 南山進流声明私譜(1), 理趣経々頭私譜(1), 公族私譜(1), 式韻私譜(1), 越天楽五聖楽私譜(1), 魚山私譜(1)"
源譜,6,4,"璿源譜(2), 宗源譜(2), 常源譜(1), セン源譜(1)"
毛譜,6,2,"翎毛譜(3), 融斎翎毛譜(3)"
女譜,6,2,"雪女譜(5), 早乙女譜(1)"
鳴譜,6,1,鳳鳴譜(6)
俗譜,6,4,"風俗譜(3), 東遊神樂催馬楽風俗譜(1), 左舞俗譜(1), 呂律風俗譜(1)"
累譜,6,3,"菅家累譜(3), 筐小袖累譜(2), 御累譜(1)"
体譜,6,2,"解体譜(3), 画藪後八種四体譜(3)"
珎譜,6,1,袖珎譜(6)
果譜,5,3,"芥子園翎毛花果譜(2), 果譜(2), 十竹斎画譜果譜(1)"
椿譜,5,2,"椿譜(3), 名物椿譜(2)"
雑譜,5,4,"雑譜(2), 高虎公一代雑譜(1), 琵琶雑譜(1), 台家雑譜(1)"
大譜,5,3,"松源大譜(3), 大譜(1), 尾陽大譜(1)"
僧譜,5,1,僧譜(5)
水譜,5,4,"山水譜(2), 漢画早学山水譜(1), 田安一橋清水譜(1), 漢画学山水譜(1)"
箋譜,5,3,"蘿軒変古箋譜(2), 百花詩箋譜(2), 十竹斎箋譜(1)"
州譜,5,2,"甘州譜(3), 諸州譜(2)"
安譜,5,2,"田安譜(3), 鳳簫調子安譜(2)"
歴譜,5,4,"中巌月和尚自歴譜(2), 加賀藩歴譜(1), 細草談林歴譜(1), 寂光寺歴譜(1)"
詠譜,5,2,"朗詠譜(4), 催馬楽並朗詠譜(1)"
説譜,5,3,"白山史小説譜(3), 賀殿百拍子以下秘説譜(1), 輪説譜(1)"
授譜,5,3,"朗詠伝授譜(2), 伝授譜(2), 篳篥伝授譜(1)"
続譜,5,1,活語断続譜(5)
指譜,5,1,琴曲指譜(5)
唄譜,5,3,"漢音梵唄譜(2), 梵唄譜(2), 魚山唄譜(1)"
二譜,5,2,"思貽斎管城二譜(4), 思貽齋管城二譜(1)"
全譜,5,5,"楽舞全譜(1), 藤岡流烽火全譜(1), 鳳笙全譜(1), 竜笛全譜(1), 甲州古今全譜(1)"
島譜,5,1,粟島譜(5)
利譜,5,5,"忠利譜(1), 綱利譜(1), 足利譜(1), 大野毛利譜(1), 塩谷雑話足利譜(1)"
考譜,5,3,"浅野考譜(3), 御三代考譜(1), 皇考譜(1)"
尺譜,5,2,"西皮工尺譜(3), 二簧工尺譜(2)"
鶴譜,4,2,"太平鶴譜(3), 鶴譜(1)"
蝶譜,4,3,"蝶譜(2), 百蝶譜(1), 蜻蝶譜(1)"
櫻譜,4,1,櫻譜(4)
星譜,4,2,"中星譜(3), 星譜(1)"
吟譜,4,3,"吟譜(2), 平曲吟譜(1), 平志吟譜(1)"
華譜,4,2,"宋画華譜(3), 華譜(1)"
釜譜,4,2,"古今釜譜(2), 釜譜(2)"
実譜,4,2,"草木実譜(3), 竜笛実譜(1)"
所譜,4,3,"諸勝名所譜(2), 黒御所譜(1), 雪村所譜(1)"
訳譜,4,2,"蘇合香一具訳譜(3), 皇帝破陣楽団乱旋復訳譜(1)"
文譜,4,3,"文筌古文譜(2), 読書作文譜(1), 朝鮮諺文譜(1)"
鞠譜,4,2,"蹴鞠譜(3), 曲尽鞠譜(1)"
門譜,4,4,"樹人洞門譜(1), 仙臺黄門譜(1), 伊達宗勝田村宗良流刑閉門譜(1), 仙台黄門譜(1)"
田譜,4,4,"古今田譜(1), 安名尊席田譜(1), 原田譜(1), 辨津田譜(1)"
中譜,4,2,"懐中譜(2), 止観微旨掌中譜(2)"
法譜,4,4,"伝法嗣法譜(1), 月琴弾法譜(1), 西山流伝法譜(1), 多賀法譜(1)"
筝譜,4,2,"吾嬬筝譜(3), 秦筝譜(1)"
脉譜,4,4,"和歌師資相伝血脉譜(1), 和歌師資相傳血脉譜(1), 圓頓戒脉譜(1), 台密血脉譜(1)"
銃譜,4,1,泰西王氏銃譜(4)
派譜,4,4,"仁同張氏派譜(1), 淨土真宗五派譜(1), 浄土真宗五派譜(1), 禅林派譜(1)"
孝譜,4,2,"藤孝譜(2), 中将直孝譜(2)"
神譜,4,2,"梅花喜神譜(2), 天神地神譜(2)"
光譜,4,1,三光譜(4)
里譜,4,3,"故主水佑鍋嶋茂里譜(2), 主水佑鍋島茂里譜(1), 故主水佑鍋島茂里譜(1)"
前譜,4,4,"藩祖前譜(1), 越前譜(1), 大坂役前譜(1), 津軽家前譜(1)"
錦譜,3,2,"錦譜(2), 雲錦譜(1)"
鮫譜,3,1,鮫譜(3)
政譜,3,3,"基政譜(1), 政譜(1), 寛政譜(1)"
瑟譜,3,1,瑟譜(3)
鯛譜,3,1,鯛譜(3)
紋譜,3,1,華紋譜(3)
蜻譜,3,1,蝶蜻譜(3)
科譜,3,2,"錦窠穀精草科譜(2), 錦窠灯心草科譜(1)"
貨譜,3,1,榧園泉貨譜(3)
紗譜,3,1,古渡更紗譜(3)
戸譜,3,2,"水戸譜(2), 宍戸譜(1)"
平譜,3,1,松平譜(3)
並譜,3,2,"琵琶調子並譜(2), 催馬楽歌曲相伝書並譜(1)"
叙譜,3,2,"林春斎自叙譜(2), 自叙譜(1)"
盟譜,3,1,算法盟譜(3)
頌譜,3,1,代講頌譜(3)
講譜,3,2,"和歌披講譜(2), 披講譜(1)"
哥譜,3,1,鸚哥譜(3)
品譜,3,1,調子品譜(3)
急譜,3,1,蘇合香三帖破急譜(3)
麞譜,3,2,"蘇合香万秋楽春鶯囀皇麞譜(2), 皇帝破陣楽春鶯囀皇麞譜(1)"
声譜,3,1,蘆声譜(3)
璃譜,3,2,"浄瑠璃譜(2), 竹本豊竹浄瑠璃譜(1)"
林譜,3,1,誹檀林譜(3)
良譜,3,3,"上総介斎良譜(1), 大内多々良譜(1), 世田谷吉良譜(1)"
丁譜,3,2,"庖丁譜(2), 大草流庖丁譜(1)"
柱譜,3,2,"放鄭膠柱譜(2), 膠柱譜(1)"
職譜,3,3,"町奉行職譜(1), 豊後国杵築藩支配所田原神社神職譜(1), 武家官職譜(1)"
親譜,3,1,皇親譜(3)
丹譜,3,2,"牡丹譜(2), 誠斎牡丹譜(1)"
刀譜,3,3,"本阿弥三家刀譜(1), 本阿弥家刀譜(1), 千本刀譜(1)"
々譜,3,3,"板倉家々譜(1), 今橋家々譜(1), 千家々譜(1)"
別譜,3,1,華族類別譜(3)
聲譜,3,2,"二黄尋聲譜(2), 古詩聲譜(1)"
絃譜,3,3,"高麗楽両絃譜(1), 平曲四絃譜(1), 管絃譜(1)"
卿譜,3,3,"織田三七信孝卿譜(1), 公卿譜(1), 三卿譜(1)"
号譜,3,3,"称号譜(1), 真田歴代法号譜(1), 本朝歴代年号譜(1)"
院譜,3,3,"門院譜(1), 寺院譜(1), 筑前国古処山円福寺普明院譜(1)"
巖譜,3,1,紫巖譜(3)
流譜,3,3,"大河内支流譜(1), 四条家譜断絶庶流譜(1), 高倉家譜断絶庶流譜(1)"
永譜,3,1,寛永譜(3)
室譜,3,2,"公室譜(2), 茶室譜(1)"
酒譜,2,1,酒譜(2)
五譜,2,2,"三五譜(1), 五譜(1)"
髹譜,2,1,髹譜(2)
鷹譜,2,1,鷹譜(2)
龍譜,2,2,"白檍原龍譜(1), 龍譜(1)"
壺譜,2,2,"宜興瓷壺譜(1), 壺譜(1)"
写譜,2,1,大成真写譜(2)
藷譜,2,1,種藷譜(2)
張譜,2,1,尾張譜(2)
睫譜,2,1,神人眼睫譜(2)
戚譜,2,2,"親戚譜(1), 水戸外戚譜(1)"
籌譜,2,1,牙籌譜(2)
掌譜,2,2,"春秋経伝長暦指掌譜(1), 墨池掌譜(1)"
綺譜,2,1,古錦綺譜(2)
頁譜,2,1,古刊本残頁譜(2)
序譜,2,2,"皇帝破陣楽団乱旋陵王荒序譜(1), 荒序譜(1)"
旋譜,2,2,"皇帝団乱旋譜(1), 団乱旋譜(1)"
製譜,2,1,修製譜(2)
綱譜,2,1,手綱譜(2)
英譜,2,1,群英譜(2)
蜒譜,2,1,蜻蜒譜(2)
照譜,2,2,"月照譜(1), 万秋楽鳳笙琵琶対照譜(1)"
革譜,2,1,位階沿革譜(2)
袖譜,2,2,"仕着摸様振袖譜(1), 仕着模様振袖譜(1)"
崎譜,2,2,"肥前国長崎譜(1), 島崎譜(1)"
稚譜,2,1,鳳笙稚譜(2)
様譜,2,2,"一絃琴四季今様譜(1), 朗詠今様譜(1)"
彩譜,2,1,香彩譜(2)
諧譜,2,1,琴学心声諧譜(2)
棠譜,2,2,"古今刀劔録海棠譜(1), 海棠譜(1)"
作譜,2,2,"風俗御再興以来新作譜(1), 臨時祭舞人輪作譜(1)"
将譜,2,2,"附甲斐少将譜(1), 武将譜(1)"
侯譜,2,2,"館林侯譜(1), 諸侯譜(1)"
宜譜,2,2,"伊勢天照皇大神官禰宜譜(1), 大神宮禰宜譜(1)"
山譜,2,2,"唐詩盆山譜(1), 小山譜(1)"
元譜,2,2,"彙纂元譜(1), 新納忠元譜(1)"
尚譜,2,2,"光尚譜(1), 楚州和尚譜(1)"
帋譜,2,2,"國朝帋譜(1), 草双紙褾帋譜(1)"
筭譜,2,1,社盟筭譜(2)
營譜,2,1,柳營譜(2)
射譜,2,1,宮城縣全圖暗射譜(2)
切譜,2,1,一節切譜(2)
意譜,2,2,"西秦樂意譜(1), 西秦楽意譜(1)"
甫譜,2,1,初禁甫譜(2)
掾譜,2,1,常陸大掾譜(2)
章譜,2,2,"声明曲方章譜(1), 諸藩旗章譜(1)"
清譜,2,2,"新納忠清譜(1), 小部正清譜(1)"
見譜,2,2,"初音旦御目見譜(1), 里見譜(1)"
巻譜,2,2,"琵琶四巻譜(1), 鷹十巻譜(1)"
部譜,2,2,"平家琵琶一部譜(1), 長曾我部譜(1)"
信譜,2,2,"竜造寺隆信譜(1), 山王院大師黄不動印信譜(1)"
遊譜,2,2,"東遊譜(1), 御遊譜(1)"
聖譜,2,1,至聖譜(2)
寺譜,2,2,"伊庭石巻石寺譜(1), 大覚寺譜(1)"
自譜,2,2,"橘窓自譜(1), 甘南中大刀自譜(1)"
瀚譜,2,1,藩瀚譜(2)
付譜,2,1,延享元年以来御徒目付譜(2)
普譜,2,2,"奥向御普譜(1), 組合普譜(1)"
判譜,2,2,"御判譜(1), 竹園御判譜(1)"
傳譜,2,2,"圓光大師略傳譜(1), 印法正傳譜(1)"
経譜,2,2,"算家経譜(1), 大蔵経譜(1)"
極譜,2,2,"挿花太極譜(1), 大極譜(1)"
雕譜,2,1,虫雕譜(2)
煙譜,1,1,煙譜(1)
三譜,1,1,三譜(1)
狗譜,1,1,狗譜(1)
鏡譜,1,1,鏡譜(1)
茅譜,1,1,茅譜(1)
鬴譜,1,1,鬴譜(1)
版譜,1,1,版譜(1)
簡譜,1,1,簡譜(1)
菽譜,1,1,菽譜(1)
松譜,1,1,松譜(1)
醫譜,1,1,醫譜(1)
賦譜,1,1,賦譜(1)
綿譜,1,1,綿譜(1)
棊譜,1,1,棊譜(1)
市譜,1,1,市譜(1)
修譜,1,1,修譜(1)
地譜,1,1,地譜(1)
改譜,1,1,改譜(1)
卉譜,1,1,画伝四集竹蟲華卉譜(1)
雄譜,1,1,英雄譜(1)
牋譜,1,1,栄宝斎新記詩牋譜(1)
母譜,1,1,墨母譜(1)
リ譜,1,1,唐船棹之掛リ譜(1)
形譜,1,1,諸星真形譜(1)
業譜,1,1,於歌道成業譜(1)
穴譜,1,1,四穴譜(1)
首譜,1,1,郢曲十首譜(1)
破譜,1,1,五常楽序三台破西王楽破譜(1)
蔵譜,1,1,御秘蔵譜(1)
維譜,1,1,歌楽維譜(1)
帝譜,1,1,皇帝譜(1)
柿譜,1,1,蘭橘柿譜(1)
堤譜,1,1,川堤譜(1)
祝譜,1,1,賀茂社家之内宮内正祝権祝譜(1)
薩譜,1,1,菩薩譜(1)
欸譜,1,1,元明清名公欸譜(1)
定譜,1,1,明治撰定譜(1)
奏譜,1,1,歌奏譜(1)
路譜,1,1,東山道路譜(1)
庵譜,1,1,採荼庵譜(1)
依譜,1,1,藩政改革依譜(1)
同譜,1,1,並同譜(1)
記譜,1,1,西洋記譜(1)
春譜,1,1,長春譜(1)
句譜,1,1,海内弘化句譜(1)
風譜,1,1,南風譜(1)
絵譜,1,1,古人肖像図絵譜(1)
麦譜,1,1,瞿麦譜(1)
篳譜,1,1,萓陵篳譜(1)
密譜,1,1,万穐楽秘譜並採桑老舞譜並小調子密譜(1)
蛇譜,1,1,続蛇譜(1)
薓譜,1,1,藍水人薓譜(1)
盤譜,1,1,刀盤譜(1)
暦譜,1,1,茶家年暦譜(1)
建譜,1,1,藤岡鬼彌太建譜(1)
津譜,1,1,秘伝島津譜(1)
篭譜,1,1,印篭譜(1)
邨譜,1,1,鶯邨譜(1)
軍譜,1,1,將軍譜(1)
雙譜,1,1,南綾無雙譜(1)
落譜,1,1,時本軼落譜(1)
腔譜,1,1,崑腔譜(1)
塤譜,1,1,棠湖塤譜(1)
食譜,1,1,中西食譜(1)
裝譜,1,1,名伶化裝譜(1)
續譜,1,1,霓裳續譜(1)
影譜,1,1,東都花容月影譜(1)
梁譜,1,1,仙臺棟梁譜(1)
嘩譜,1,1,原田甲斐喧嘩譜(1)
祕譜,1,1,明樂祕譜(1)
原譜,1,1,説文字原譜(1)
漁譜,1,1,皇和漁譜(1)
劔譜,1,1,日本古劔譜(1)
號譜,1,1,國朝年號譜(1)
靈譜,1,1,虚無僧縁起并三虚靈譜(1)
巴譜,1,1,高麗遠楽比巴譜(1)
独譜,1,1,三絃独譜(1)
帖譜,1,1,十三帖譜(1)
承譜,1,1,声明相承譜(1)
窠譜,1,1,僊窠譜(1)
死譜,1,1,戦死譜(1)
成譜,1,1,水野勝成譜(1)
両譜,1,1,蘇合一具笙箏両譜(1)
逑譜,1,1,好逑譜(1)
尭譜,1,1,新納忠尭譜(1)
秀譜,1,1,新納忠秀譜(1)
辰譜,1,1,彦山歴代及名匠忌辰譜(1)
増譜,1,1,白増譜(1)
白譜,1,1,表白譜(1)
乱譜,1,1,平岩流乱譜(1)
響譜,1,1,方響譜(1)
讃譜,1,1,梵讃譜(1)
息譜,1,1,毎息譜(1)
旧譜,1,1,倭舞旧譜(1)
欵譜,1,1,落欵譜(1)
諺譜,1,1,俚諺譜(1)
道譜,1,1,蓮道譜(1)
戒譜,1,1,円頓戒譜(1)
鵡譜,1,1,鸚鵡譜(1)
景譜,1,1,大江家景譜(1)
保譜,1,1,大久保譜(1)
栗譜,1,1,小栗譜(1)
条譜,1,1,小田原北条譜(1)
下譜,1,1,御目見以下譜(1)
登譜,1,1,於毛登譜(1)
剤譜,1,1,和蘭薬剤譜(1)
繡譜,1,1,会繡譜(1)
藻譜,1,1,海藻譜(1)
士譜,1,1,加賀藩士譜(1)
灸譜,1,1,香川灸譜(1)
持譜,1,1,瞎驢山住持譜(1)
柑譜,1,1,橘柑譜(1)
茂譜,1,1,鍋嶋和泉守忠茂譜(1)
殿譜,1,1,和泉守忠茂殿譜(1)
井譜,1,1,雲井譜(1)
智譜,1,1,諸家智譜(1)
秊譜,1,1,高僧秊譜(1)
誦譜,1,1,金剛界念誦譜(1)
及譜,1,1,三巻書及譜(1)
聚譜,1,1,三宝類聚譜(1)
当譜,1,1,執当譜(1)
抄譜,1,1,諸家抄譜(1)
夫譜,1,1,諸家大夫譜(1)
呈譜,1,1,諸家呈譜(1)
籍譜,1,1,鳴琴堂秘蔵経籍譜(1)
幹譜,1,1,藩幹譜(1)
撰譜,1,1,諸役代々記撰譜(1)
逸譜,1,1,新修菅家逸譜(1)
裔譜,1,1,新撰松裔譜(1)
寿譜,1,1,真楽軒華甲寿譜(1)
祇譜,1,1,神祇譜(1)
虎譜,1,1,水虎譜(1)
役譜,1,1,水府役譜(1)
容譜,1,1,青山御流活花性容譜(1)
病譜,1,1,舌脣病譜(1)
命譜,1,1,宣命譜(1)
集譜,1,1,象伝来私集譜(1)
庭譜,1,1,続椒庭譜(1)
蝘譜,1,1,蛇蝘譜(1)
羽譜,1,1,鷹羽譜(1)
谷譜,1,1,多賀谷譜(1)
銀譜,1,1,探鑿古金銀譜(1)
藤譜,1,1,彫金後藤譜(1)
衆譜,1,1,詰衆譜(1)
西譜,1,1,戸田一西譜(1)
細譜,1,1,伊豆七島明細譜(1)
國譜,1,1,列國譜(1)
如譜,1,1,栄泉院乗如譜(1)
段譜,1,1,通七段譜(1)
憲譜,1,1,尾張得業円憲譜(1)
精譜,1,1,琴曲精譜(1)
并譜,1,1,禁裏楽器并譜(1)
重譜,1,1,五音初二三重譜(1)
練譜,1,1,太鼓教練譜(1)
荻譜,1,1,濱荻譜(1)
双譜,1,1,無双譜(1)
辞譜,1,1,唄曲辞譜(1)
遺譜,1,1,俳諧拾遺譜(1)
枝譜,1,1,茘枝譜(1)
